player_name,matched_fangraphs_name,position,year_signed,age_at_signing,AAV,total_value,length,WAR_3yr,wRC_plus_3yr,AVG_3yr,OBP_3yr,SLG_3yr,HR_3yr,seasons_with_data,avg_exit_velo,barrel_rate,max_exit_velo,hard_hit_pct,ERA_3yr,FIP_3yr,K_9_3yr,BB_9_3yr,IP_3yr
Juan Soto,Juan Soto,RF,2025,26,51000000.0,765000000.0,15,6.066666666666666,160.33333333333334,0.2683333333333333,0.41,0.5133333333333333,34.333333333333336,3,94.2,19.7,115.7,57.0,,,,,
Shohei Ohtani,Shohei Ohtani,DH,2024,29,70000000.0,700000000.0,10,5.066666666666666,157.33333333333334,0.27799999999999997,0.38000000000000006,0.5883333333333334,41.333333333333336,3,94.4,19.6,118.6,54.2,,,,,
Vladimir Guerrero Jr.,Vladimir Guerrero Jr.,1B,2026,26,35714286.0,500000000.0,14,3.4666666666666663,139.33333333333334,0.293,0.37399999999999994,0.48500000000000004,26.333333333333332,3,92.0,12.2,120.4,50.7,,,,,
Mike Trout,Mike Trout,RF,2019,27,35541667.0,426500000.0,12,8.266666666666667,179.33333333333334,0.311,0.44766666666666666,0.6023333333333333,33.666666666666664,3,91.2,16.5,118.0,46.2,,,,,
Mookie Betts,Mookie Betts,RF,2021,28,30416667.0,365000000.0,12,6.233333333333333,155.66666666666666,0.311,0.39833333333333326,0.5753333333333334,25.666666666666668,3,90.7,7.7,108.5,43.4,,,,,
Aaron Judge,Aaron Judge,CF,2023,30,40000000.0,360000000.0,9,5.833333333333333,165.33333333333334,0.285,0.37800000000000006,0.5946666666666667,36.666666666666664,3,95.9,26.5,118.4,61.9,,,,,
Manny Machado,Manny Machado,3B,2023,30,31818182.0,350000000.0,11,4.766666666666667,141.66666666666666,0.2933333333333334,0.361,0.5333333333333333,25.333333333333332,3,91.5,9.8,112.4,49.0,,,,,
Francisco Lindor,Francisco Lindor,SS,2022,28,34100000.0,341000000.0,10,3.9333333333333336,108.0,0.25733333333333336,0.33066666666666666,0.4483333333333333,20.0,3,90.7,8.2,112.9,44.1,,,,,
Fernando Tatis Jr.,Fernando Tatis Jr.,SS,2021,21,24285714.0,340000000.0,14,3.15,151.0,0.29700000000000004,0.3725,0.5805,19.5,2,95.9,19.5,113.4,62.2,,,,,
Bryce Harper,Bryce Harper,1B,2019,26,25384615.0,330000000.0,13,3.0666666666666664,133.66666666666666,0.27033333333333337,0.393,0.5106666666666667,29.0,3,91.0,11.5,115.1,45.4,,,,,
Corey Seager,Corey Seager,SS,2022,27,32500000.0,325000000.0,10,3.233333333333333,135.66666666666666,0.295,0.3623333333333334,0.5296666666666666,16.666666666666668,3,91.0,12.4,115.3,49.3,,,,,
Gerrit Cole,Gerrit Cole,SP,2020,29,36000000.0,324000000.0,9,5.6000000000000005,,,,,,3,,,,,3.2133333333333334,3.14,11.636666666666665,2.4499999999999997,205.0666666666667
Rafael Devers,Rafael Devers,3B,2023,26,31350000.0,313500000.0,10,3.3333333333333335,127.0,0.279,0.34,0.5140000000000001,25.333333333333332,3,93.1,11.5,113.7,50.9,,,,,
Trea Turner,Trea Turner,SS,2023,29,27272727.0,300000000.0,11,5.433333333333334,143.33333333333334,0.32033333333333336,0.3706666666666667,0.5299999999999999,20.333333333333332,3,88.9,7.6,112.5,41.6,,,,,
Bobby Witt Jr.,Bobby Witt Jr.,SS,2024,23,26252525.0,288777777.0,11,4.1,107.0,0.265,0.3065,0.4615,25.0,2,90.7,11.5,113.8,45.6,,,,,
Xander Bogaerts,Xander Bogaerts,2B,2023,30,25454545.0,280000000.0,11,3.9,130.33333333333334,0.30066666666666664,0.37033333333333335,0.4836666666666667,16.333333333333332,3,88.1,6.5,113.0,39.5,,,,,
Nolan Arenado,Nolan Arenado,3B,2019,27,32500000.0,260000000.0,8,5.933333333333334,129.66666666666666,0.3,0.36966666666666664,0.5723333333333334,38.666666666666664,3,89.8,7.2,109.2,40.5,,,,,
Anthony Rendon,Anthony Rendon,3B,2020,29,35000000.0,245000000.0,7,6.066666666666666,145.33333333333334,0.3093333333333333,0.39633333333333337,0.5553333333333333,27.666666666666668,3,90.4,12.0,107.7,46.6,,,,,
Kyle Tucker,Kyle Tucker,RF,2026,28,60000000.0,240000000.0,4,4.533333333333334,151.33333333333334,0.2796666666666667,0.38466666666666666,0.522,24.666666666666668,3,90.1,10.8,108.7,40.4,,,,,
Max Fried,Max Fried,SP,2025,30,27250000.0,218000000.0,8,3.4000000000000004,,,,,,3,,,,,2.7600000000000002,3.0566666666666666,8.7,2.1933333333333334,145.46666666666667
Austin Riley,Austin Riley,3B,2023,25,21200000.0,212000000.0,10,3.6999999999999997,122.66666666666667,0.27166666666666667,0.33899999999999997,0.4913333333333334,26.333333333333332,3,92.5,15.7,115.9,50.8,,,,,
Dylan Cease,Dylan Cease,SP,2026,29,30000000.0,210000000.0,7,3.9000000000000004,,,,,,3,,,,,4.2,3.4600000000000004,11.016666666666666,3.6366666666666667,178.03333333333333
Corbin Burnes,Corbin Burnes,SP,2025,30,35000000.0,210000000.0,6,3.933333333333333,,,,,,3,,,,,3.0833333333333335,3.5,9.5,2.52,196.4333333333333
Julio Rodriguez,Julio Rodriguez,CF,2023,21,17441667.0,209300000.0,12,5.7,148.0,0.284,0.345,0.509,28.0,1,92.0,13.1,117.2,50.7,,,,,
Carlos Correa,Carlos Correa,SS,2023,28,33333333.0,200000000.0,6,4.033333333333332,122.0,0.278,0.3526666666666667,0.445,17.666666666666668,3,89.9,11.4,114.6,44.7,,,,,
Christian Yelich,Christian Yelich,LF,2020,28,26928571.0,188500000.0,7,6.1000000000000005,152.66666666666666,0.31233333333333335,0.39999999999999997,0.5693333333333334,32.666666666666664,3,93.3,15.8,117.9,49.1,,,,,
Jacob deGrom,Jacob deGrom,SP,2023,34,37000000.0,185000000.0,5,3.233333333333333,,,,,,3,,,,,2.18,1.8766666666666667,14.103333333333333,1.5266666666666666,74.7
Willy Adames,Willy Adames,SS,2025,29,26000000.0,182000000.0,7,4.2,108.0,0.2353333333333333,0.313,0.4423333333333333,29.0,3,88.6,12.0,112.3,40.7,,,,,
Blake Snell,Blake Snell,SP,2025,31,36400000.0,182000000.0,5,3.5999999999999996,,,,,,3,,,,,2.9166666666666665,2.89,12.089999999999998,4.116666666666666,137.33333333333334
Kris Bryant,Kris Bryant,1B,2022,30,26000000.0,182000000.0,7,2.533333333333333,111.66666666666667,0.25099999999999995,0.3426666666666667,0.451,20.0,3,88.2,10.3,110.4,40.0,,,,,
Wander Franco,Wander Franco,SS,2022,20,16545455.0,182000000.0,11,2.4,126.0,0.288,0.347,0.463,7.0,1,88.2,4.9,109.6,37.6,,,,,
Dansby Swanson,Dansby Swanson,SS,2023,28,25285714.0,177000000.0,7,3.9999999999999996,110.33333333333333,0.26633333333333337,0.3283333333333333,0.45333333333333337,20.666666666666668,3,90.2,10.8,109.6,46.3,,,,,
Alex Bregman,Alex Bregman,3B,2026,31,35000000.0,175000000.0,5,4.033333333333334,122.33333333333333,0.265,0.3459999999999999,0.452,23.0,3,90.1,6.6,109.6,44.4,,,,,
Marcus Semien,Marcus Semien,2B,2022,31,25000000.0,175000000.0,7,4.266666666666667,120.66666666666667,0.25766666666666665,0.336,0.47800000000000004,28.333333333333332,3,89.7,9.8,109.5,41.3,,,,,
Aaron Nola,Aaron Nola,SP,2024,30,24571429.0,172000000.0,7,4.833333333333333,,,,,,3,,,,,4.113333333333333,3.3266666666666667,10.273333333333333,1.7666666666666666,192.79999999999998
Garrett Crochet,Garrett Crochet,SP,2026,25,28333333.0,170000000.0,6,3.433333333333333,,,,,,3,,,,,3.2399999999999998,3.7600000000000002,10.863333333333335,4.43,121.10000000000001
Matt Olson,Matt Olson,1B,2022,27,21000000.0,168000000.0,8,3.1,128.66666666666666,0.24433333333333337,0.34400000000000003,0.503,29.666666666666668,3,91.6,12.7,115.3,48.8,,,,,
Carlos Rodon,Carlos Rodon,SP,2023,30,27000000.0,162000000.0,6,5.6,,,,,,2,,,,,2.625,2.45,12.265,2.535,155.1
Brandon Nimmo,Brandon Nimmo,LF,2023,29,20250000.0,162000000.0,8,3.5,138.66666666666666,0.28200000000000003,0.3906666666666667,0.45133333333333336,10.666666666666666,3,89.4,7.0,111.9,39.8,,,,,
Freddie Freeman,Freddie Freeman,1B,2022,32,27000000.0,162000000.0,6,4.033333333333334,153.0,0.312,0.4146666666666667,0.5640000000000001,27.333333333333332,3,91.4,11.5,113.6,46.1,,,,,
Pete Alonso,Pete Alonso,1B,2026,31,31000000.0,155000000.0,5,2.8333333333333335,127.33333333333333,0.243,0.3313333333333333,0.4956666666666667,39.333333333333336,3,93.5,18.9,115.9,54.4,,,,,
Matt Chapman,Matt Chapman,3B,2025,31,25166667.0,151000000.0,6,4.066666666666667,116.0,0.23866666666666667,0.3273333333333333,0.44,23.666666666666668,3,93.2,12.6,114.5,48.3,,,,,
Kyle Schwarber,Kyle Schwarber,DH,2026,32,30000000.0,150000000.0,5,3.033333333333333,134.66666666666666,0.22833333333333336,0.35800000000000004,0.5073333333333333,47.0,3,94.3,20.8,117.2,59.6,,,,,
George Springer,George Springer,RF,2021,31,25000000.0,150000000.0,6,3.766666666666667,139.0,0.27399999999999997,0.3626666666666667,0.5216666666666666,25.0,3,88.7,12.4,115.0,42.5,,,,,
José Ramírez,Jose Ramirez,3B,2022,29,20142857.0,141000000.0,7,4.333333333333333,138.33333333333334,0.27099999999999996,0.35600000000000004,0.5413333333333333,25.333333333333332,3,90.0,11.1,112.6,42.4,,,,,
Will Smith,Will Smith,C,2024,28,14000000.0,140000000.0,10,4.233333333333333,124.66666666666667,0.25966666666666666,0.35566666666666663,0.46599999999999997,22.666666666666668,3,89.3,6.7,110.8,41.6,,,,,
Trevor Story,Trevor Story,SS,2022,29,23333333.0,140000000.0,6,3.4,112.33333333333333,0.27799999999999997,0.349,0.5146666666666667,23.333333333333332,3,90.6,9.9,111.0,42.6,,,,,
Javier Báez,Javier Baez,SS,2022,29,23333333.0,140000000.0,6,3.4666666666666663,95.33333333333333,0.2496666666666667,0.291,0.4616666666666666,22.666666666666668,3,90.1,13.4,116.7,45.2,,,,,
Tyler Glasnow,Tyler Glasnow,SP,2024,30,27312500.0,136562500.0,5,2.9000000000000004,,,,,,2,,,,,3.0949999999999998,2.84,12.365,2.7699999999999996,104.0
Jackson Merrill,Jackson Merrill,CF,2026,21,15000000.0,135000000.0,9,4.15,123.0,0.278,0.3215,0.47850000000000004,20.0,2,89.7,13.0,110.9,42.9,,,,,
José Berríos,Jose Berrios,SP,2022,27,18714286.0,131000000.0,7,3.1666666666666665,,,,,,3,,,,,3.733333333333333,3.793333333333333,9.343333333333334,2.703333333333333,151.70000000000002
Ranger Suarez,Ranger Suarez,SP,2026,30,26000000.0,130000000.0,5,3.266666666666667,,,,,,3,,,,,3.6133333333333333,3.4933333333333336,8.623333333333333,2.6933333333333334,144.1
Roman Anthony,Roman Anthony,RF,2026,21,16250000.0,130000000.0,8,2.7,140.0,0.292,0.396,0.463,8.0,1,94.5,15.5,113.7,60.3,,,,,
Bo Bichette,Bo Bichette,SS,2026,27,42000000.0,126000000.0,3,2.6666666666666665,109.33333333333333,0.2806666666666667,0.3243333333333333,0.4266666666666667,14.0,3,91.0,7.9,112.3,48.8,,,,,
Zack Wheeler,Zack Wheeler,SP,2025,33,42000000.0,126000000.0,3,5.166666666666667,,,,,,3,,,,,3.0,3.0566666666666666,9.87,2.0566666666666666,181.66666666666666
Jose Altuve,Jose Altuve,2B,2025,33,25000000.0,125000000.0,5,4.966666666666667,148.33333333333334,0.302,0.37666666666666665,0.49800000000000005,21.666666666666668,3,86.5,6.5,108.4,31.2,,,,,
Ketel Marte,Ketel Marte,2B,2025,31,19416667.0,116500000.0,6,4.133333333333334,126.66666666666667,0.26933333333333337,0.35033333333333333,0.484,24.333333333333332,3,94.0,12.3,117.0,53.8,,,,,
Yordan Alvarez,Yordan Alvarez,DH,2023,24,19166667.0,115000000.0,6,4.95,161.0,0.2915,0.376,0.5720000000000001,35.0,2,95.2,21.0,117.4,59.8,,,,,
Robbie Ray,Robbie Ray,SP,2022,30,23000000.0,115000000.0,5,1.933333333333333,,,,,,3,,,,,4.6000000000000005,4.826666666666667,11.840000000000002,4.866666666666666,139.46666666666667
Jung Hoo Lee,Korey Lee,CF,2024,25,18833333.0,113000000.0,6,-0.9,-26.0,0.077,0.143,0.138,1.0,1,85.3,4.4,105.4,35.6,,,,,
Corbin Carroll,Corbin Carroll,OF,2023,22,13875000.0,111000000.0,8,1.4,130.0,0.26,0.33,0.5,4.0,1,85.8,5.5,107.5,32.9,,,,,
Kevin Gausman,Kevin Gausman,SP,2022,30,22000000.0,110000000.0,5,2.6666666666666665,,,,,,3,,,,,4.05,3.356666666666667,10.863333333333335,2.52,117.76666666666665
Yu Darvish,Yu Darvish,SP,2023,36,18000000.0,108000000.0,6,3.2999999999999994,,,,,,3,,,,,3.1099999999999994,3.1466666666666665,10.296666666666665,1.9166666666666667,145.4333333333333
Luis Castillo,Luis Castillo,SP,2023,30,21600000.0,108000000.0,5,3.3333333333333335,,,,,,3,,,,,3.393333333333333,3.1566666666666667,10.216666666666667,3.1266666666666665,135.76666666666665
Bryan Reynolds,Bryan Reynolds,RF,2023,28,13343750.0,106750000.0,8,3.133333333333333,111.0,0.25100000000000006,0.33666666666666667,0.4466666666666667,19.333333333333332,3,90.2,7.9,113.2,42.9,,,,,
Andres Gimenez,Andres Gimenez,2B,2023,24,15214286.0,106500000.0,7,2.6666666666666665,107.33333333333333,0.25933333333333336,0.32866666666666666,0.405,8.333333333333334,3,87.8,6.2,109.9,37.8,,,,,
Cal Raleigh,Cal Raleigh,C,2025,28,17500000.0,105000000.0,6,4.633333333333333,118.0,0.221,0.30066666666666664,0.4603333333333333,30.333333333333332,3,91.0,15.4,113.9,48.1,,,,,
Joe Musgrove,Joe Musgrove,SP,2023,29,20000000.0,100000000.0,5,2.5666666666666664,,,,,,3,,,,,3.3233333333333337,3.5700000000000003,10.57,2.7999999999999994,133.76666666666668
Nick Castellanos,Nick Castellanos,RF,2022,29,20000000.0,100000000.0,5,2.1,120.0,0.2743333333333333,0.33233333333333337,0.529,25.0,3,89.8,10.6,111.9,46.9,,,,,
Byron Buxton,Byron Buxton,CF,2022,28,14285714.0,100000000.0,7,2.8333333333333335,134.66666666666666,0.274,0.313,0.5790000000000001,14.0,3,92.5,17.9,115.6,53.8,,,,,
Ronald Acuña Jr.,Ronald Acuna Jr.,RF,2019,21,12500000.0,100000000.0,8,4.4,142.0,0.293,0.366,0.552,26.0,1,90.9,13.4,113.9,46.6,,,,,
Josh Hader,Josh Hader,RP,2024,29,19000000.0,95000000.0,5,1.7,,,,,,3,,,,,2.5766666666666667,2.61,14.603333333333333,4.083333333333333,54.76666666666667
Josh Naylor,Josh Naylor,1B,2026,28,18500000.0,92500000.0,5,2.7000000000000006,124.33333333333333,0.282,0.3423333333333333,0.46900000000000003,22.666666666666668,3,89.2,6.7,117.9,41.9,,,,,
Anthony Santander,Anthony Santander,RF,2025,30,18500000.0,92500000.0,5,2.6666666666666665,122.33333333333333,0.244,0.317,0.4776666666666667,35.0,3,89.8,11.7,114.4,41.6,,,,,
Logan Webb,Logan Webb,SP,2024,26,18000000.0,90000000.0,5,4.4,,,,,,3,,,,,3.06,2.97,8.433333333333334,1.92,185.4
Masataka Yoshida,Yoshi Tsutsugo,DH,2023,29,18000000.0,90000000.0,5,-0.46666666666666673,74.33333333333333,0.19500000000000003,0.29,0.3356666666666667,6.0,3,,,,,,,,,
Willson Contreras,Willson Contreras,1B,2023,30,17500000.0,87500000.0,5,2.6333333333333333,118.33333333333333,0.241,0.34833333333333333,0.437,16.666666666666668,3,90.4,10.5,116.2,48.6,,,,,
Tyler Soderstrom,Tyler Soderstrom,1B,2026,24,12285714.0,86000000.0,7,0.8999999999999999,91.0,0.223,0.2976666666666667,0.381,12.333333333333334,3,91.6,11.4,114.0,49.8,,,,,
Seiya Suzuki,Kurt Suzuki,RF,2022,27,17000000.0,85000000.0,5,0.06666666666666665,94.0,0.25266666666666665,0.32233333333333336,0.408,8.333333333333334,3,85.2,3.9,105.0,27.2,,,,,
Lance McCullers,Lance McCullers Jr.,SP,2022,28,17000000.0,85000000.0,5,2.1500000000000004,,,,,,2,,,,,3.545,3.6100000000000003,9.71,3.74,108.55
Eduardo Rodriguez,Eduardo Rodriguez,SP,2024,30,20000000.0,80000000.0,4,2.533333333333333,,,,,,3,,,,,4.03,3.8033333333333332,8.703333333333335,2.9566666666666666,133.46666666666667
Jake Cronenworth,Jake Cronenworth,1B,2024,29,11428571.0,80000000.0,7,2.7000000000000006,105.66666666666667,0.24466666666666667,0.328,0.4093333333333334,16.0,3,87.4,4.4,108.4,33.2,,,,,
Mitch Keller,Mitch Keller,SP,2024,27,15400000.0,77000000.0,5,2.1333333333333333,,,,,,3,,,,,4.763333333333334,3.9933333333333336,8.59,3.443333333333333,151.1
Michael King,Michael King,SP,2026,30,25000000.0,75000000.0,3,2.3,,,,,,3,,,,,3.046666666666667,3.6266666666666665,10.223333333333334,3.0666666666666664,116.83333333333333
Sean Manaea,Sean Manaea,SP,2025,32,25000000.0,75000000.0,3,1.7,,,,,,3,,,,,4.29,4.086666666666667,9.266666666666666,3.06,152.13333333333333
Nathan Eovaldi,Nathan Eovaldi,SP,2025,34,25000000.0,75000000.0,3,1.9666666666666668,,,,,,3,,,,,3.766666666666667,4.003333333333333,8.493333333333334,2.266666666666667,141.1
Sonny Gray,Sonny Gray,SP,2024,34,25000000.0,75000000.0,3,3.4333333333333336,,,,,,3,,,,,3.3533333333333335,3.4066666666666667,9.353333333333333,2.91,146.1
Andrew Benintendi,Andrew Benintendi,LF,2023,28,15000000.0,75000000.0,5,1.0333333333333334,89.0,0.22766666666666668,0.337,0.323,7.333333333333333,3,89.2,5.1,109.8,38.7,,,,,
Spencer Strider,Spencer Strider,SP,2023,24,12500000.0,75000000.0,6,4.9,,,,,,1,,,,,2.67,1.83,13.81,3.08,131.2
Tommy Edman,Tommy Edman,CF,2025,29,14800000.0,74000000.0,5,2.866666666666667,98.33333333333333,0.25,0.30833333333333335,0.4053333333333333,10.666666666666666,3,87.6,3.6,105.5,35.1,,,,,
Pablo López,Pablo Lopez,SP,2024,27,18375000.0,73500000.0,4,3.2999999999999994,,,,,,3,,,,,3.4933333333333336,3.4433333333333334,9.88,2.3866666666666667,158.73333333333332
Sean Murphy,Sean Murphy,C,2023,28,12166667.0,73000000.0,6,3.3666666666666667,118.0,0.23299999999999998,0.334,0.42933333333333334,14.0,3,88.7,10.5,114.0,41.4,,,,,
Tanner Scott,Tanner Scott,RP,2025,30,18000000.0,72000000.0,4,1.6333333333333335,,,,,,3,,,,,2.7900000000000005,2.92,11.81,4.626666666666666,70.73333333333333
Taijuan Walker,Taijuan Walker,SP,2023,30,18000000.0,72000000.0,4,1.5999999999999999,,,,,,3,,,,,3.5533333333333332,4.260000000000001,8.083333333333334,2.9633333333333334,123.06666666666668
Michael Harris II,Michael Harris II,CF,2023,21,9000000.0,72000000.0,8,4.7,137.0,0.297,0.339,0.514,19.0,1,89.5,10.1,112.8,45.1,,,,,
Ke'Bryan Hayes,Ke'Bryan Hayes,3B,2022,24,8750000.0,70000000.0,8,1.9,139.5,0.3165,0.379,0.5275000000000001,5.5,2,90.2,5.1,111.0,45.8,,,,,
Ryan McMahon,Ryan McMahon,3B,2022,27,11666667.0,70000000.0,6,1.1333333333333333,86.0,0.23966666666666667,0.31833333333333336,0.43933333333333335,18.666666666666668,3,90.5,7.3,111.5,43.5,,,,,
Edwin Diaz,Edwin Diaz,RP,2026,31,23000000.0,69000000.0,3,1.55,,,,,,2,,,,,2.575,2.65,13.695,3.1,59.65
Jameson Taillon,Jameson Taillon,SP,2023,31,17000000.0,68000000.0,4,2.15,,,,,,2,,,,,4.105,4.185,8.195,2.18,160.6
Samuel Basallo,Samuel Basallo,C,2026,21,8375000.0,67000000.0,8,-0.3,55.0,0.165,0.229,0.33,4.0,1,89.1,8.9,112.1,43.0,,,,,
Luis Severino,Luis Severino,SP,2025,30,22333333.0,67000000.0,3,1.0,,,,,,3,,,,,4.58,4.683333333333334,8.6,3.016666666666667,124.36666666666667
Teoscar Hernandez,Teoscar Hernandez,LF,2025,32,22000000.0,66000000.0,3,2.766666666666667,123.0,0.26566666666666666,0.32,0.4756666666666667,28.0,3,90.6,14.9,114.1,46.8,,,,,
Lawrence Butler,Lawrence Butler,RF,2025,24,9357143.0,65500000.0,7,1.45,94.5,0.2365,0.27849999999999997,0.4155,13.0,2,91.1,11.0,113.1,47.4,,,,,
Kyle Freeland,Kyle Freeland,SP,2022,28,12900000.0,64500000.0,5,0.8666666666666667,,,,,,3,,,,,5.13,5.090000000000001,6.833333333333333,3.0399999999999996,98.16666666666667
Cristian Javier,Cristian Javier,SP,2023,25,12800000.0,64000000.0,5,1.5,,,,,,3,,,,,3.19,4.176666666666667,10.743333333333332,3.6133333333333333,101.13333333333333
Yusei Kikuchi,Yusei Kikuchi,SP,2025,33,21225000.0,63675000.0,3,1.7666666666666666,,,,,,3,,,,,4.366666666666667,4.3999999999999995,10.453333333333335,3.34,147.53333333333333
Ezequiel Tovar,Ezequiel Tovar,SS,2024,22,9071429.0,63500000.0,7,1.7,72.0,0.253,0.287,0.408,15.0,1,88.0,8.1,109.8,36.2,,,,,
Ian Happ,Ian Happ,LF,2024,28,20333333.0,61000000.0,3,2.8333333333333335,115.0,0.24833333333333332,0.3416666666666666,0.435,21.0,3,89.9,9.0,112.6,39.0,,,,,
Kristian Campbell,Luis Campusano,2B,2025,22,7500000.0,60000000.0,8,0.13333333333333333,94.33333333333333,0.2653333333333333,0.299,0.395,5.333333333333333,3,,,,,,,,,
Christian Walker,Christian Walker,1B,2025,33,20000000.0,60000000.0,3,3.6333333333333333,120.66666666666667,0.25033333333333335,0.3316666666666667,0.48066666666666663,31.666666666666668,3,91.2,13.3,113.9,48.0,,,,,
Brent Rooker,Brent Rooker,DH,2025,29,12000000.0,60000000.0,5,3.5999999999999996,145.0,0.26949999999999996,0.347,0.525,34.5,2,91.9,16.6,113.4,49.6,,,,,
Alejandro Kirk,Alejandro Kirk,C,2026,26,11600000.0,58000000.0,5,3.266666666666667,101.33333333333333,0.26166666666666666,0.3336666666666667,0.3793333333333333,9.333333333333334,3,91.1,10.1,112.0,50.8,,,,,
Maikel Garcia,Maikel Garcia,3B,2026,25,11500000.0,57500000.0,5,3.0,92.33333333333333,0.263,0.3183333333333333,0.37966666666666665,9.0,3,91.3,5.6,110.3,45.1,,,,,
Sandy Alcantara,Sandy Alcantara,SP,2022,26,11200000.0,56000000.0,5,2.5,,,,,,3,,,,,3.356666666666667,3.8966666666666665,8.016666666666667,3.03,148.1
Nick Pivetta,Nick Pivetta,SP,2025,31,13750000.0,55000000.0,4,1.8,,,,,,3,,,,,4.246666666666666,4.15,10.313333333333334,3.0100000000000002,155.53333333333333
Brayan Bello,Brayan Bello,SP,2024,24,9166667.0,55000000.0,6,1.4500000000000002,,,,,,2,,,,,4.475,3.74,8.100000000000001,3.41,107.05
Hunter Greene,Hunter Greene,SP,2023,23,8833333.0,53000000.0,6,1.6,,,,,,1,,,,,4.44,4.37,11.75,3.44,125.2
Devin Williams,Devin Williams,RP,2026,31,17000000.0,51000000.0,3,1.3333333333333333,,,,,,3,,,,,2.5233333333333334,2.466666666666667,14.063333333333333,4.166666666666667,47.13333333333333
Michael Wacha,Michael Wacha,SP,2025,33,17000000.0,51000000.0,3,2.466666666666667,,,,,,3,,,,,3.296666666666667,3.893333333333333,7.830000000000001,2.5,142.46666666666667
J.P. Crawford,J.P. Crawford,SS,2022,26,10200000.0,51000000.0,5,1.8666666666666665,95.0,0.25133333333333335,0.329,0.36166666666666664,6.0,3,86.3,2.4,110.5,30.6,,,,,
Antonio Senzatela,Antonio Senzatela,SP,2022,26,10100000.0,50500000.0,5,1.7333333333333332,,,,,,3,,,,,4.8566666666666665,4.54,5.516666666666667,2.72,117.83333333333333
Ceddanne Rafaela,Ceddanne Rafaela,SS,2024,23,6250000.0,50000000.0,8,0.1,76.0,0.241,0.281,0.386,2.0,1,85.5,5.4,107.1,33.9,,,,,
Jeff McNeil,Jeff McNeil,2B,2023,30,12500000.0,50000000.0,4,2.6333333333333333,120.66666666666667,0.296,0.36133333333333334,0.4226666666666667,6.666666666666667,3,86.9,2.7,110.0,30.2,,,,,
Keibert Ruiz,Keibert Ruiz,C,2023,24,6250000.0,50000000.0,8,1.0,97.0,0.262,0.323,0.38449999999999995,5.0,2,88.0,3.7,109.4,32.3,,,,,
Tyler O'Neill,Tyler O'Neill,LF,2025,29,16500000.0,49500000.0,3,1.5999999999999999,109.66666666666667,0.2333333333333333,0.31866666666666665,0.43533333333333335,18.0,3,90.9,17.3,113.1,48.8,,,,,
Tanner Bibee,Tanner Bibee,SP,2025,25,9600000.0,48000000.0,5,3.15,,,,,,2,,,,,3.225,3.54,9.315,2.565,157.6
Seth Lugo,Seth Lugo,SP,2026,35,23000000.0,46000000.0,2,2.6999999999999997,,,,,,3,,,,,3.5733333333333337,4.056666666666667,8.076666666666666,2.57,165.79999999999998
J.T. Realmuto,J.T. Realmuto,C,2026,34,15000000.0,45000000.0,3,2.033333333333333,100.66666666666667,0.25833333333333336,0.3156666666666667,0.4216666666666667,15.333333333333334,3,90.0,8.8,110.4,45.5,,,,,
Robert Suarez,Robert Suarez,RP,2026,34,15000000.0,45000000.0,3,0.9333333333333332,,,,,,3,,,,,3.3233333333333337,3.616666666666667,8.556666666666667,2.513333333333333,53.79999999999999
Brandon Pfaadt,Brandon Pfaadt,SP,2026,26,9000000.0,45000000.0,5,1.7,,,,,,3,,,,,5.226666666666667,4.336666666666667,8.49,2.1333333333333333,151.13333333333333
Geraldo Perdomo,Geraldo Perdomo,SS,2026,25,11250000.0,45000000.0,4,3.7999999999999994,112.66666666666667,0.26966666666666667,0.36199999999999993,0.39833333333333326,9.666666666666666,3,87.6,6.2,108.2,31.9,,,,,
Jordan Hicks,Jordan Hicks,RP,2024,27,11000000.0,44000000.0,4,0.46666666666666673,,,,,,3,,,,,4.51,3.8533333333333335,9.78,6.176666666666667,45.43333333333334
Jurickson Profar,Jurickson Profar,LF,2025,31,14000000.0,42000000.0,3,1.7333333333333332,109.0,0.255,0.34400000000000003,0.40599999999999997,16.0,3,91.1,7.2,110.3,44.4,,,,,
Jorge Soler,Jorge Soler,RF,2024,31,14000000.0,42000000.0,3,0.7666666666666666,106.33333333333333,0.22666666666666666,0.3173333333333333,0.448,25.333333333333332,3,91.3,15.0,114.8,48.0,,,,,
Lourdes Gurriel Jr.,Lourdes Gurriel Jr.,OF,2024,30,14000000.0,42000000.0,3,1.7333333333333334,109.0,0.276,0.3236666666666667,0.44300000000000006,16.666666666666668,3,89.7,8.4,108.9,46.0,,,,,
Merrill Kelly,Merrill Kelly,SP,2026,37,20000000.0,40000000.0,2,2.3000000000000003,,,,,,3,,,,,3.6133333333333333,3.953333333333333,8.446666666666667,2.723333333333333,144.79999999999998
Jorge Polanco,Jorge Polanco,2B,2026,32,20000000.0,40000000.0,2,1.4000000000000001,113.66666666666667,0.24433333333333332,0.319,0.4346666666666667,18.666666666666668,3,90.8,10.3,111.9,45.8,,,,,
Clay Holmes,Clay Holmes,SP,2025,31,12666667.0,38000000.0,3,1.3333333333333333,,,,,,3,,,,,2.846666666666667,2.84,9.68,3.0866666666666664,63.06666666666666
Chris Sale,Chris Sale,SP,2024,34,19000000.0,38000000.0,2,1.4500000000000002,,,,,,2,,,,,3.73,3.745,10.965,2.535,72.2
Tyler Rogers,Tyler Rogers,RP,2026,34,12333333.0,37000000.0,3,0.8333333333333334,,,,,,3,,,,,2.6133333333333333,3.4,6.473333333333334,1.2966666666666666,73.73333333333333
Joc Pederson,Joc Pederson,DH,2025,32,18500000.0,37000000.0,2,2.0333333333333337,135.0,0.26133333333333336,0.36466666666666664,0.484,20.333333333333332,3,92.3,12.8,114.1,46.2,,,,,
Jack Flaherty,Jack Flaherty,SP,2025,29,17500000.0,35000000.0,2,1.7,,,,,,3,,,,,4.136666666666667,4.27,9.42,3.91,114.03333333333335
Nico Hoerner,Nico Hoerner,2B,2024,25,11666667.0,35000000.0,3,3.466666666666667,105.66666666666667,0.2886666666666667,0.35166666666666674,0.3873333333333333,6.333333333333333,3,86.6,1.8,109.2,33.4,,,,,
Ozzie Albies,Ozzie Albies,2B,2019,21,5000000.0,35000000.0,7,2.75,105.0,0.27349999999999997,0.3295,0.454,15.0,2,86.8,4.7,109.9,29.4,,,,,
Jeff Hoffman,Jeff Hoffman,RP,2025,32,11000000.0,33000000.0,3,1.2333333333333334,,,,,,3,,,,,2.8033333333333332,3.1300000000000003,11.006666666666666,3.356666666666667,54.133333333333326
Robert Stephenson,Robert Stephenson,RP,2024,30,11000000.0,33000000.0,3,0.5666666666666667,,,,,,3,,,,,3.8866666666666667,3.6933333333333334,10.646666666666667,2.813333333333333,52.03333333333333
Jeffrey Springs,Jeffrey Springs,SP,2023,30,7750000.0,31000000.0,4,1.0666666666666667,,,,,,3,,,,,4.323333333333333,3.92,11.553333333333333,2.66,66.46666666666667
Reynaldo López,Reynaldo Lopez,SP,2025,30,10000000.0,30000000.0,3,2.066666666666667,,,,,,3,,,,,2.6733333333333333,2.92,9.94,2.983333333333333,88.76666666666665
Ryan O'Hearn,Ryan O'Hearn,DH,2026,32,14500000.0,29000000.0,2,2.033333333333333,121.0,0.278,0.3406666666666667,0.44799999999999995,15.333333333333334,3,89.4,7.6,109.4,42.5,,,,,
Matthew Boyd,Matthew Boyd,SP,2025,33,14500000.0,29000000.0,2,0.6333333333333334,,,,,,3,,,,,3.1733333333333333,3.61,9.49,3.84,41.1
Ryan Helsley,Ryan Helsley,RP,2026,31,14000000.0,28000000.0,2,1.3333333333333333,,,,,,3,,,,,2.9966666666666666,2.9333333333333336,11.203333333333333,3.7699999999999996,52.76666666666667
Shane Bieber,Shane Bieber,SP,2025,29,13000000.0,26000000.0,2,2.566666666666667,,,,,,3,,,,,2.2266666666666666,2.2733333333333334,10.476666666666667,1.5866666666666667,113.33333333333333
Joe Jimenez,Joe Jimenez,RP,2024,28,8666667.0,26000000.0,3,0.5666666666666667,,,,,,3,,,,,4.163333333333333,3.603333333333333,11.736666666666666,3.75,52.46666666666667
Salvador Perez,Salvador Perez,C,2026,35,12500000.0,25000000.0,2,1.1666666666666667,99.66666666666667,0.254,0.302,0.44133333333333336,26.666666666666668,3,90.0,14.8,114.8,46.7,,,,,
Myles Straw,Myles Straw,CF,2022,27,5000000.0,25000000.0,5,1.2666666666666666,79.33333333333333,0.249,0.32366666666666666,0.3156666666666667,1.3333333333333333,3,87.1,1.3,109.8,26.2,,,,,
Max Muncy,Max Muncy,3B,2024,33,12000000.0,24000000.0,2,3.0,120.66666666666667,0.219,0.3433333333333333,0.462,31.0,3,91.2,14.6,111.1,46.6,,,,,
Brandon Lowe,Brandon Lowe,2B,2019,24,4000000.0,24000000.0,6,0.9,114.0,0.233,0.324,0.45,6.0,1,89.3,10.9,111.0,43.5,,,,,
Mike Yastrzemski,Mike Yastrzemski,RF,2026,35,11500000.0,23000000.0,2,1.9000000000000001,107.66666666666667,0.23233333333333336,0.3216666666666667,0.4283333333333334,16.666666666666668,3,90.8,8.5,109.3,42.6,,,,,
Tarik Skubal,Tarik Skubal,SP,2026,29,22500000.0,22500000.0,1,5.3,,,,,,3,,,,,2.4666666666666663,2.3133333333333335,11.073333333333332,1.5766666666666669,155.73333333333335
Cristopher Sanchez,Cristopher Sanchez,SP,2025,27,5625000.0,22500000.0,4,2.1666666666666665,,,,,,3,,,,,4.13,3.85,8.053333333333333,2.486666666666667,106.76666666666665
Carlos Estevez,Carlos Estevez,RP,2025,32,11100000.0,22200000.0,2,0.7666666666666666,,,,,,3,,,,,3.2733333333333334,3.7533333333333334,9.323333333333332,3.356666666666667,58.03333333333333
Shota Imanaga,Shota Imanaga,SP,2026,32,22025000.0,22025000.0,1,2.0,,,,,,2,,,,,3.3200000000000003,4.29,8.155,1.5350000000000001,158.64999999999998
Gleyber Torres,Gleyber Torres,2B,2026,28,22025000.0,22025000.0,1,2.7000000000000006,113.33333333333333,0.262,0.345,0.40599999999999997,18.666666666666668,3,90.0,8.2,110.9,39.0,,,,,
Brandon Woodruff,Brandon Woodruff,SP,2026,32,22025000.0,22025000.0,1,1.6,,,,,,2,,,,,2.74,3.385,10.745000000000001,1.98,65.6
Trent Grisham,Trent Grisham,CF,2026,29,22025000.0,22025000.0,1,1.8,103.66666666666667,0.20766666666666667,0.3176666666666667,0.4003333333333334,18.666666666666668,3,91.1,14.2,109.8,46.4,,,,,
Luke Weaver,Luke Weaver,RP,2026,32,11000000.0,22000000.0,2,0.6333333333333333,,,,,,3,,,,,4.303333333333334,4.276666666666667,9.663333333333332,2.8266666666666667,90.46666666666665
Brad Keller,Brad Keller,RP,2026,30,11000000.0,22000000.0,2,0.23333333333333336,,,,,,3,,,,,4.026666666666667,4.843333333333333,7.603333333333333,5.013333333333333,51.800000000000004
Adrian Houser,Adrian Houser,SP,2026,32,11000000.0,22000000.0,2,1.3,,,,,,3,,,,,4.423333333333333,4.243333333333333,6.739999999999999,3.2133333333333334,101.73333333333333
A.J. Minter,A.J. Minter,RP,2025,31,11000000.0,22000000.0,2,1.1333333333333333,,,,,,3,,,,,2.813333333333334,3.16,10.89,2.5766666666666667,56.099999999999994
Blake Treinen,Blake Treinen,RP,2025,36,11000000.0,22000000.0,2,1.0,,,,,,1,,,,,1.93,3.0,10.8,2.12,46.2
Jose Alvarado,Jose Alvarado,RP,2023,27,7333333.0,22000000.0,3,0.7,,,,,,2,,,,,3.6900000000000004,3.36,12.64,5.92,53.1
Aaron Ashby,Aaron Ashby,SP,2023,24,4100000.0,20500000.0,5,0.65,,,,,,2,,,,,4.495,3.82,10.825,3.675,69.14999999999999
Ha-seong Kim,Ha-seong Kim,SS,2026,30,20000000.0,20000000.0,1,2.3666666666666667,97.66666666666667,0.24233333333333332,0.32833333333333337,0.371,11.0,3,89.7,5.2,108.5,43.3,,,,,
Emilio Pagan,Emilio Pagan,RP,2026,34,10000000.0,20000000.0,2,0.9,,,,,,3,,,,,3.456666666666667,3.5866666666666664,9.826666666666666,2.7399999999999998,58.43333333333334
Emmanuel Clase,Emmanuel Clase,RP,2022,23,4000000.0,20000000.0,5,1.3,,,,,,2,,,,,1.8,2.77,8.83,2.19,46.150000000000006
Kyle Finnegan,Kyle Finnegan,RP,2026,34,9500000.0,19000000.0,2,0.5,,,,,,3,,,,,3.6366666666666667,3.983333333333333,8.446666666666667,3.1166666666666667,63.1
Garrett Whitlock,Garrett Whitlock,SP,2023,26,4687500.0,18750000.0,4,1.5,,,,,,2,,,,,2.705,3.065,9.68,1.9049999999999998,75.6
Patrick Sandoval,Patrick Sandoval,SP,2025,28,9125000.0,18250000.0,2,2.4,,,,,,3,,,,,4.033333333333334,3.7133333333333334,8.75,4.06,123.86666666666666
Justin Martinez,Justin Martinez,RP,2025,23,3600000.0,18000000.0,5,0.6,,,,,,2,,,,,7.54,4.775,11.934999999999999,7.18,41.1
Wandy Peralta,Wandy Peralta,RP,2024,32,4125000.0,16500000.0,4,0.2333333333333333,,,,,,3,,,,,2.966666666666667,4.073333333333333,7.866666666666667,3.81,53.699999999999996
Raisel Iglesias,Raisel Iglesias,RP,2026,35,16000000.0,16000000.0,1,1.2,,,,,,3,,,,,2.6366666666666667,3.0733333333333337,9.86,2.0866666666666664,63.79999999999999
Randy Arozarena,Randy Arozarena,LF,2026,30,15650000.0,15650000.0,1,2.6666666666666665,119.66666666666667,0.237,0.3433333333333333,0.413,23.333333333333332,3,91.3,11.5,112.3,50.6,,,,,
Freddy Peralta,Freddy Peralta,SP,2020,23,3100000.0,15500000.0,5,1.05,,,,,,2,,,,,4.77,3.95,11.605,4.26,81.55
Steven Matz,Steven Matz,RP,2026,34,7500000.0,15000000.0,2,1.0333333333333334,,,,,,3,,,,,3.9966666666666666,4.03,7.343333333333334,2.36,75.1
Yimi Garcia,Yimi Garcia,RP,2025,34,7500000.0,15000000.0,2,0.7333333333333334,,,,,,3,,,,,3.5499999999999994,3.53,10.213333333333333,2.393333333333333,55.333333333333336
Danny Jansen,Danny Jansen,C,2026,30,7250000.0,14500000.0,2,1.2666666666666668,102.66666666666667,0.216,0.314,0.4073333333333333,13.333333333333334,3,87.6,8.8,107.4,39.0,,,,,
Phil Maton,Phil Maton,RP,2026,32,7250000.0,14500000.0,2,0.7333333333333334,,,,,,3,,,,,3.15,3.533333333333333,10.14,3.39,63.699999999999996
Victor Caratini,Victor Caratini,C,2026,32,7000000.0,14000000.0,2,1.2999999999999998,104.0,0.26233333333333336,0.329,0.39833333333333326,9.0,3,88.7,7.7,110.1,40.7,,,,,
Trevor Williams,Trevor Williams,SP,2025,32,7000000.0,14000000.0,2,0.8333333333333334,,,,,,3,,,,,3.5966666666666662,4.216666666666667,7.773333333333333,2.6799999999999997,99.83333333333333
Kyle Higashioka,Kyle Higashioka,C,2025,34,6750000.0,13500000.0,2,1.5333333333333332,90.33333333333333,0.22766666666666668,0.267,0.426,12.333333333333334,3,88.4,10.9,107.2,37.4,,,,,
Aroldis Chapman,Aroldis Chapman,RP,2026,37,13300000.0,13300000.0,1,1.8,,,,,,3,,,,,2.6833333333333336,2.43,14.219999999999999,4.48,60.13333333333333
Cole Ragans,Cole Ragans,SP,2025,26,4416667.0,13250000.0,3,2.4333333333333336,,,,,,3,,,,,3.8533333333333335,3.6966666666666668,9.146666666666667,3.56,107.36666666666667
Pete Fairbanks,Pete Fairbanks,RP,2026,32,13000000.0,13000000.0,1,0.9666666666666667,,,,,,3,,,,,2.9933333333333336,3.276666666666667,10.346666666666666,3.3466666666666662,50.1
Aaron Bummer,Aaron Bummer,RP,2025,31,6500000.0,13000000.0,2,0.7000000000000001,,,,,,3,,,,,4.243333333333333,3.0,11.126666666666667,3.953333333333333,46.46666666666667
Willi Castro,Willi Castro,2B,2026,28,6400000.0,12800000.0,2,2.0,101.66666666666667,0.24333333333333332,0.3276666666666667,0.3873333333333333,10.666666666666666,3,86.7,6.5,111.9,37.3,,,,,
Brady Singer,Brady Singer,SP,2026,29,12750000.0,12750000.0,1,2.4333333333333336,,,,,,3,,,,,4.42,4.066666666666666,8.223333333333334,2.8833333333333333,169.2
Dustin May,Dustin May,SP,2026,28,12500000.0,12500000.0,1,1.05,,,,,,2,,,,,3.795,4.055,7.375,3.4050000000000002,90.05
Hyeseong Kim,Ha-seong Kim,2B,2025,25,4166667.0,12500000.0,3,3.466666666666667,105.33333333333333,0.248,0.3353333333333333,0.38366666666666666,13.0,3,87.9,4.8,107.9,35.4,,,,,
Taylor Ward,Taylor Ward,LF,2026,32,12175000.0,12175000.0,1,2.3666666666666667,112.33333333333333,0.24233333333333332,0.325,0.4406666666666667,25.0,3,90.1,13.7,111.0,42.7,,,,,
Anthony Kay,Anthony Kay,RP,2026,30,6000000.0,12000000.0,2,-0.1,,,,,,1,,,,,6.14,5.78,6.75,5.52,14.2
Yandy Diaz,Yandy Diaz,1B,2026,33,12000000.0,12000000.0,1,3.266666666666667,139.33333333333334,0.3036666666666667,0.37233333333333335,0.4726666666666666,20.333333333333332,3,93.0,8.3,113.6,52.5,,,,,
Travis d'Arnaud,Travis d'Arnaud,C,2025,35,6000000.0,12000000.0,2,2.1333333333333333,102.66666666666667,0.24366666666666667,0.303,0.435,14.666666666666666,3,89.9,10.4,109.8,41.0,,,,,
Jose Trevino,Jose Trevino,C,2026,32,5750000.0,11500000.0,2,0.8999999999999999,69.33333333333333,0.221,0.2723333333333333,0.33899999999999997,5.333333333333333,3,87.9,4.4,107.9,40.7,,,,,
Carson Kelly,Carson Kelly,C,2025,30,5750000.0,11500000.0,2,0.8333333333333334,75.66666666666667,0.2183333333333333,0.291,0.3316666666666666,6.0,3,87.6,6.6,107.7,39.4,,,,,
Jesús Luzardo,Jesus Luzardo,SP,2026,28,11000000.0,11000000.0,1,3.266666666666666,,,,,,3,,,,,4.166666666666667,3.57,9.63,2.8433333333333337,142.53333333333333
Kenley Jansen,Kenley Jansen,RP,2026,38,11000000.0,11000000.0,1,1.0333333333333334,,,,,,3,,,,,3.17,3.546666666666667,9.793333333333335,3.206666666666667,52.46666666666667
Logan Gilbert,Logan Gilbert,SP,2026,28,10927000.0,10927000.0,1,3.1999999999999997,,,,,,3,,,,,3.466666666666667,3.49,10.1,1.8099999999999998,176.46666666666667
Daulton Varsho,Daulton Varsho,LF,2026,29,10750000.0,10750000.0,1,2.4000000000000004,102.0,0.22399999999999998,0.2873333333333333,0.448,19.333333333333332,3,89.9,15.9,113.9,40.3,,,,,
Jazz Chisholm,Jazz Chisholm Jr.,2B,2026,27,10200000.0,10200000.0,1,3.4333333333333336,113.0,0.24933333333333332,0.32,0.458,24.666666666666668,3,89.0,15.0,112.2,43.3,,,,,
Alec Bohm,Alec Bohm,3B,2026,29,10200000.0,10200000.0,1,2.1666666666666665,107.33333333333333,0.2803333333333333,0.33,0.43133333333333335,15.333333333333334,3,90.8,6.2,109.6,46.4,,,,,
Tyler Mahle,Tyler Mahle,SP,2026,31,10000000.0,10000000.0,1,0.8333333333333334,,,,,,3,,,,,3.436666666666666,3.7866666666666666,7.926666666666667,2.533333333333333,41.2
Zach Eflin,Zach Eflin,SP,2026,31,10000000.0,10000000.0,1,2.466666666666667,,,,,,3,,,,,4.34,4.14,7.673333333333333,1.39,137.79999999999998
Adolis García,Adolis Garcia,RF,2026,32,10000000.0,10000000.0,1,1.7666666666666668,101.66666666666667,0.23199999999999998,0.29433333333333334,0.434,27.666666666666668,3,92.1,11.6,113.6,46.7,,,,,
Andrew Kittredge,Andrew Kittredge,RP,2025,34,10000000.0,10000000.0,1,0.10000000000000002,,,,,,3,,,,,3.013333333333333,4.0,7.513333333333333,1.6633333333333333,33.800000000000004
Victor Robles,Victor Robles,CF,2025,27,4875000.0,9750000.0,2,1.2666666666666666,106.0,0.27666666666666667,0.3463333333333334,0.36933333333333335,3.3333333333333335,3,86.7,6.2,109.8,28.6,,,,,
Jeremy Pena,Jeremy Pena,SS,2026,28,9475000.0,9475000.0,1,3.7000000000000006,110.0,0.2776666666666667,0.3316666666666667,0.41733333333333333,14.0,3,88.9,8.2,109.9,42.9,,,,,
David Bednar,David Bednar,RP,2026,31,9000000.0,9000000.0,1,1.3666666666666665,,,,,,3,,,,,3.356666666666667,3.17,10.696666666666667,3.3033333333333332,62.166666666666664
Gunnar Henderson,Gunnar Henderson,SS,2026,24,8500000.0,8500000.0,1,5.8,132.0,0.27,0.34600000000000003,0.48533333333333334,27.333333333333332,3,92.1,8.5,113.9,49.2,,,,,
Drew Rasmussen,Drew Rasmussen,SP,2025,29,4250000.0,8500000.0,2,1.8333333333333333,,,,,,3,,,,,2.763333333333333,2.3833333333333333,9.39,2.0033333333333334,72.8
David Peterson,David Peterson,SP,2026,30,8100000.0,8100000.0,1,2.033333333333333,,,,,,3,,,,,4.05,3.83,8.63,3.646666666666667,133.4
Michael Lorenzen,Michael Lorenzen,SP,2026,34,8000000.0,8000000.0,1,1.2,,,,,,3,,,,,4.043333333333334,4.646666666666667,7.1000000000000005,3.1266666666666665,141.4333333333333
Jonathan India,Jonathan India,2B,2026,28,8000000.0,8000000.0,1,1.4000000000000001,99.33333333333333,0.24166666666666667,0.3393333333333333,0.38166666666666665,13.666666666666666,3,87.9,5.8,110.8,36.8,,,,,
Gregory Soto,Gregory Soto,RP,2026,30,7750000.0,7750000.0,1,0.7000000000000001,,,,,,3,,,,,4.406666666666667,3.563333333333333,10.393333333333333,3.813333333333333,57.73333333333333
Steven Kwan,Steven Kwan,LF,2026,28,7725000.0,7725000.0,1,3.466666666666667,109.66666666666667,0.2773333333333334,0.34600000000000003,0.38966666666666666,10.0,3,86.2,1.9,104.2,19.3,,,,,
Jarren Duran,Jarren Duran,LF,2026,29,7700000.0,7700000.0,1,4.3999999999999995,121.33333333333333,0.2786666666666666,0.34,0.472,15.0,3,91.8,9.7,117.7,46.8,,,,,
Andrew Vaughn,Andrew Vaughn,1B,2026,27,7650000.0,7650000.0,1,0.3,99.66666666666667,0.25266666666666665,0.306,0.414,18.0,3,91.6,12.0,111.2,47.7,,,,,
Jhoan Duran,Jhoan Duran,RP,2026,28,7500000.0,7500000.0,1,1.4666666666666668,,,,,,3,,,,,2.716666666666667,2.8033333333333332,11.116666666666667,2.8433333333333333,62.06666666666666
Michael Soroka,Michael Soroka,RP,2026,28,7500000.0,7500000.0,1,0.3666666666666667,,,,,,3,,,,,5.22,5.246666666666666,9.033333333333333,3.7399999999999998,66.83333333333333
Matt Strahm,Matt Strahm,RP,2025,32,7500000.0,7500000.0,1,1.4666666666666666,,,,,,3,,,,,2.9966666666666666,3.0833333333333335,10.973333333333334,2.39,64.53333333333335
Andres Munoz,Andres Munoz,RP,2022,22,1875000.0,7500000.0,4,0.4,,,,,,1,,,,,3.91,3.17,11.74,4.3,23.0
Adley Rutschman,Adley Rutschman,C,2026,27,7250000.0,7250000.0,1,3.133333333333333,106.66666666666667,0.249,0.33299999999999996,0.39733333333333337,16.0,3,89.4,7.5,111.3,38.6,,,,,
Josh Bell,Josh Bell,1B,2026,33,7000000.0,7000000.0,1,0.13333333333333333,104.0,0.24433333333333332,0.323,0.4136666666666667,21.0,3,90.4,12.0,114.1,47.0,,,,,
Cedric Mullins,Cedric Mullins,CF,2026,31,7000000.0,7000000.0,1,1.7333333333333334,98.66666666666667,0.22766666666666668,0.303,0.40399999999999997,16.666666666666668,3,88.8,6.2,108.4,35.9,,,,,
Luis Garcia,Luis Garcia Jr.,2B,2026,25,6875000.0,6875000.0,1,1.4000000000000001,95.0,0.26666666666666666,0.3036666666666667,0.4136666666666667,14.333333333333334,3,90.2,9.0,111.7,45.8,,,,,
Jesús Sánchez,Jesus Sanchez,LF,2026,28,6800000.0,6800000.0,1,1.3333333333333333,100.66666666666667,0.24733333333333332,0.31466666666666665,0.4206666666666667,15.333333333333334,3,91.3,11.1,114.8,43.4,,,,,
Ryan Mountcastle,Ryan Mountcastle,1B,2026,28,6787000.0,6787000.0,1,0.8666666666666667,100.33333333333333,0.26366666666666666,0.3073333333333333,0.4146666666666667,12.666666666666666,3,90.7,11.7,116.7,47.1,,,,,
Justin Steele,Justin Steele,SP,2026,30,6775000.0,6775000.0,1,2.6,,,,,,3,,,,,3.6300000000000003,3.7300000000000004,8.833333333333334,2.11,109.83333333333331
Ryan Jeffers,Ryan Jeffers,C,2026,28,6700000.0,6700000.0,1,2.0,118.33333333333333,0.256,0.3416666666666666,0.43966666666666665,14.666666666666666,3,89.3,6.3,111.0,42.1,,,,,
Jason Adam,Jason Adam,RP,2026,34,6675000.0,6675000.0,1,0.9666666666666667,,,,,,3,,,,,2.2866666666666666,3.3633333333333333,10.323333333333332,3.186666666666667,64.13333333333334
George Kirby,George Kirby,SP,2026,27,6550000.0,6550000.0,1,3.566666666666667,,,,,,3,,,,,3.6966666666666668,3.323333333333333,8.78,1.3499999999999999,169.06666666666666
Pierce Johnson,Pierce Johnson,RP,2026,34,6500000.0,6500000.0,1,0.5,,,,,,3,,,,,3.5799999999999996,3.8033333333333332,10.876666666666665,3.733333333333334,59.1
Colin Rea,Colin Rea,SP,2026,35,6500000.0,6500000.0,1,1.1666666666666667,,,,,,3,,,,,4.263333333333333,4.586666666666667,7.453333333333333,2.5133333333333336,150.16666666666666
Rob Refsnyder,Rob Refsnyder,RF,2026,34,6250000.0,6250000.0,1,0.9333333333333332,118.33333333333333,0.26666666666666666,0.3593333333333333,0.424,7.0,3,92.0,12.3,112.2,52.3,,,,,
Trevor Rogers,Trevor Rogers,SP,2026,28,6200000.0,6200000.0,1,1.5,,,,,,3,,,,,3.5766666666666667,3.81,8.323333333333332,3.143333333333333,83.76666666666667
Casey Mize,Casey Mize,SP,2026,28,6150000.0,6150000.0,1,1.85,,,,,,2,,,,,4.18,3.92,7.630000000000001,2.36,125.55
Camilo Doval,Camilo Doval,RP,2026,28,6100000.0,6100000.0,1,0.8666666666666667,,,,,,3,,,,,3.796666666666667,3.3166666666666664,11.13,4.743333333333333,63.76666666666667
Mauricio Dubon,Mauricio Dubon,2B,2026,31,6100000.0,6100000.0,1,1.7,87.66666666666667,0.26266666666666666,0.298,0.37566666666666665,7.0,3,84.5,1.2,110.8,26.3,,,,,
Hunter Harvey,Hunter Harvey,RP,2026,31,6000000.0,6000000.0,1,0.8333333333333334,,,,,,3,,,,,2.42,2.72,9.663333333333334,1.8699999999999999,40.2
Bryson Stott,Bryson Stott,2B,2026,28,5900000.0,5900000.0,1,3.0,95.66666666666667,0.26066666666666666,0.324,0.38866666666666666,13.0,3,87.6,5.1,110.7,29.5,,,,,
Bryan Abreu,Bryan Abreu,RP,2026,28,5850000.0,5850000.0,1,1.5333333333333334,,,,,,3,,,,,2.3766666666666665,2.953333333333333,12.546666666666667,3.83,73.7
Brendan Donovan,Brendan Donovan,2B,2026,28,5800000.0,5800000.0,1,2.533333333333333,117.33333333333333,0.283,0.35333333333333333,0.4203333333333333,11.666666666666666,3,89.7,8.8,109.6,40.9,,,,,
Dean Kremer,Dean Kremer,SP,2026,30,5750000.0,5750000.0,1,1.8666666666666665,,,,,,3,,,,,4.136666666666667,4.266666666666667,8.053333333333333,2.9233333333333333,157.53333333333333
Hunter Brown,Hunter Brown,SP,2026,27,5710000.0,5710000.0,1,3.1999999999999997,,,,,,3,,,,,3.67,3.6966666666666668,9.923333333333334,3.0433333333333334,170.1
MacKenzie Gore,MacKenzie Gore,SP,2026,26,5600000.0,5600000.0,1,2.433333333333333,,,,,,3,,,,,4.163333333333333,4.053333333333334,10.063333333333333,3.6300000000000003,153.79999999999998
Gavin Lux,Gavin Lux,LF,2026,28,5525000.0,5525000.0,1,0.85,100.0,0.26,0.33499999999999996,0.3785,7.5,2,88.3,3.6,106.4,36.9,,,,,
Shawn Armstrong,Shawn Armstrong,RP,2026,35,5500000.0,5500000.0,1,1.1333333333333335,,,,,,3,,,,,2.85,3.06,9.086666666666668,2.57,64.06666666666666
Miguel Rojas,Miguel Rojas,SS,2026,36,5500000.0,5500000.0,1,1.7,92.33333333333333,0.2603333333333333,0.315,0.37633333333333335,6.0,3,87.6,4.0,109.1,31.2,,,,,
Lars Nootbaar,Lars Nootbaar,LF,2026,28,5250000.0,5250000.0,1,1.8666666666666665,109.33333333333333,0.24633333333333332,0.3446666666666667,0.39866666666666667,13.0,3,91.3,10.2,113.0,50.0,,,,,
Shea Langeliers,Shea Langeliers,C,2026,28,5250000.0,5250000.0,1,2.2,109.0,0.2353333333333333,0.2936666666666667,0.4663333333333333,27.333333333333332,3,90.9,11.2,114.5,44.9,,,,,
Lane Thomas,Lane Thomas,CF,2026,30,5250000.0,5250000.0,1,1.2666666666666666,85.33333333333333,0.22166666666666668,0.29,0.38000000000000006,15.666666666666666,3,87.8,4.8,110.6,31.3,,,,,
Jo Adell,Jo Adell,CF,2026,26,5200000.0,5200000.0,1,0.5,96.66666666666667,0.21666666666666665,0.27699999999999997,0.445,20.0,3,91.7,17.3,115.7,50.0,,,,,
Brandon Marsh,Brandon Marsh,CF,2026,28,5200000.0,5200000.0,1,2.733333333333333,115.66666666666667,0.26866666666666666,0.3473333333333333,0.44,13.0,3,91.1,8.3,111.1,46.4,,,,,
Bailey Ober,Bailey Ober,SP,2026,30,5200000.0,5200000.0,1,2.2333333333333334,,,,,,3,,,,,4.17,4.226666666666667,8.7,1.9633333333333332,156.13333333333333
Riley Greene,Riley Greene,LF,2026,25,5000000.0,5000000.0,1,3.033333333333333,124.66666666666667,0.26933333333333337,0.33666666666666667,0.47300000000000003,23.666666666666668,3,89.9,17.1,115.1,45.5,,,,,
Kirby Yates,Kirby Yates,RP,2026,38,5000000.0,5000000.0,1,0.5666666666666665,,,,,,3,,,,,3.2266666666666666,3.9633333333333334,11.886666666666665,4.4366666666666665,54.13333333333333
Nick Lodolo,Nick Lodolo,SP,2026,27,4725000.0,4725000.0,1,1.5999999999999999,,,,,,3,,,,,4.793333333333333,4.516666666666667,10.266666666666667,2.43,101.8
Trevor Megill,Trevor Megill,RP,2026,32,4700000.0,4700000.0,1,1.1333333333333335,,,,,,3,,,,,2.9466666666666668,2.5766666666666667,11.566666666666668,3.0333333333333337,42.43333333333333
Ernie Clement,Ernie Clement,3B,2026,29,4600000.0,4600000.0,1,1.9666666666666668,111.66666666666667,0.3066666666666667,0.3273333333333333,0.43533333333333335,7.333333333333333,3,86.6,2.4,108.9,26.0,,,,,
Gavin Sheets,Gavin Sheets,DH,2026,29,4500000.0,4500000.0,1,-0.3333333333333333,87.0,0.2293333333333333,0.2956666666666667,0.37233333333333335,13.0,3,89.9,9.5,111.8,46.5,,,,,
Sean Newcomb,Sean Newcomb,RP,2026,32,4500000.0,4500000.0,1,0.5666666666666667,,,,,,3,,,,,4.010000000000001,4.723333333333334,8.456666666666667,5.206666666666667,39.03333333333333
Caleb Ferguson,Caleb Ferguson,RP,2026,29,4500000.0,4500000.0,1,0.7999999999999999,,,,,,3,,,,,3.883333333333333,3.4466666666666668,9.523333333333333,3.533333333333333,59.76666666666666
Caleb Thielbar,Caleb Thielbar,RP,2026,38,4500000.0,4500000.0,1,0.46666666666666673,,,,,,3,,,,,3.7300000000000004,3.853333333333333,9.78,2.78,45.099999999999994
Clarke Schmidt,Clarke Schmidt,SP,2026,29,4500000.0,4500000.0,1,1.633333333333333,,,,,,3,,,,,3.6033333333333335,3.983333333333333,8.863333333333335,3.063333333333333,107.43333333333334
Trevor Larnach,Trevor Larnach,DH,2026,28,4475000.0,4475000.0,1,0.5666666666666667,106.0,0.24066666666666667,0.324,0.4176666666666667,13.333333333333334,3,90.9,7.2,113.3,45.7,,,,,
Edward Cabrera,Edward Cabrera,SP,2026,27,4450000.0,4450000.0,1,1.2333333333333334,,,,,,3,,,,,4.239999999999999,4.3133333333333335,10.156666666666666,4.59,110.83333333333333
Edmundo Sosa,Edmundo Sosa,3B,2026,29,4400000.0,4400000.0,1,1.5,101.33333333333333,0.26133333333333336,0.30433333333333334,0.43933333333333335,9.333333333333334,3,87.7,6.3,110.6,38.0,,,,,
JoJo Romero,JoJo Romero,RP,2026,29,4260000.0,4260000.0,1,0.6666666666666666,,,,,,3,,,,,3.0366666666666666,3.2566666666666664,8.733333333333334,3.0566666666666666,52.06666666666666
Tyler Kinley,Tyler Kinley,RP,2026,34,4250000.0,4250000.0,1,0.3,,,,,,3,,,,,5.403333333333333,4.4433333333333325,9.513333333333334,4.013333333333333,50.76666666666667
CJ Abrams,CJ Abrams,SS,2026,25,4200000.0,4200000.0,1,2.4333333333333336,101.33333333333333,0.24933333333333332,0.3096666666666667,0.426,19.0,3,88.7,7.6,112.7,39.2,,,,,
Zach McKinstry,Zach McKinstry,3B,2026,30,4200000.0,4200000.0,1,1.7666666666666668,89.66666666666667,0.235,0.304,0.3753333333333333,8.333333333333334,3,85.7,6.1,108.7,30.5,,,,,
Tanner Houck,Tanner Houck,SP,2026,29,4150000.0,4150000.0,1,1.5999999999999999,,,,,,3,,,,,5.39,4.636666666666667,7.590000000000001,3.1333333333333333,109.13333333333333
Zach Neto,Zach Neto,SS,2026,24,4150000.0,4150000.0,1,2.5666666666666664,106.66666666666667,0.24366666666666667,0.315,0.43133333333333335,19.333333333333332,3,91.0,14.0,111.3,46.6,,,,,
Brice Turang,Brice Turang,2B,2026,26,4150000.0,4150000.0,1,2.3000000000000003,91.0,0.25333333333333335,0.32,0.36133333333333334,10.333333333333334,3,91.1,7.9,111.2,47.4,,,,,
Spencer Torkelson,Spencer Torkelson,1B,2026,26,4075000.0,4075000.0,1,1.2333333333333332,105.0,0.23066666666666666,0.3136666666666667,0.42533333333333334,24.0,3,90.2,13.5,110.5,45.1,,,,,
Mason Miller,Mason Miller,RP,2026,27,4000000.0,4000000.0,1,1.6666666666666667,,,,,,3,,,,,2.966666666666667,2.626666666666667,13.28,3.7733333333333334,53.1
Spencer Steer,Spencer Steer,1B,2026,28,4000000.0,4000000.0,1,1.5333333333333332,104.33333333333333,0.24466666666666667,0.329,0.4256666666666667,21.333333333333332,3,87.3,7.6,108.3,33.2,,,,,
Andre Pallante,Andre Pallante,SP,2026,27,4000000.0,4000000.0,1,0.7999999999999999,,,,,,3,,,,,4.616666666666666,4.326666666666667,6.266666666666667,3.6533333333333338,117.09999999999998
Mickey Moniak,Mickey Moniak,CF,2026,27,4000000.0,4000000.0,1,0.8333333333333334,101.66666666666667,0.25633333333333336,0.293,0.46433333333333326,17.333333333333332,3,89.7,13.8,111.8,45.3,,,,,
Drew Pomeranz,Drew Pomeranz,RP,2026,37,4000000.0,4000000.0,1,0.7,,,,,,1,,,,,2.17,3.36,10.33,2.72,49.2
Chris Martin,Chris Martin,RP,2026,39,4000000.0,4000000.0,1,1.0,,,,,,3,,,,,2.4933333333333336,2.9333333333333336,9.116666666666667,1.2366666666666666,45.76666666666667
Austin Hedges,Austin Hedges,C,2026,33,4000000.0,4000000.0,1,0.8666666666666667,31.666666666666668,0.16566666666666666,0.229,0.24133333333333332,2.6666666666666665,3,88.2,3.4,108.6,32.2,,,,,
Ramon Laureano,Ramon Laureano,LF,2025,30,4000000.0,4000000.0,1,0.8666666666666667,97.33333333333333,0.2313333333333333,0.30066666666666664,0.3946666666666667,11.0,3,89.2,12.6,110.7,40.8,,,,,
Will Vest,Will Vest,RP,2026,30,3950000.0,3950000.0,1,1.4000000000000001,,,,,,3,,,,,2.936666666666667,2.6966666666666668,9.44,2.533333333333333,62.13333333333333
Ryan Thompson,Ryan Thompson,RP,2026,33,3950000.0,3950000.0,1,0.4000000000000001,,,,,,3,,,,,3.6666666666666665,3.7900000000000005,7.02,2.4066666666666667,45.79999999999999
Adrian Morejon,Adrian Morejon,RP,2026,26,3900000.0,3900000.0,1,1.6500000000000001,,,,,,2,,,,,2.455,2.535,9.295,2.5250000000000004,68.2
T.J. Friedl,TJ Friedl,CF,2026,30,3800000.0,3800000.0,1,2.433333333333333,105.33333333333333,0.25533333333333336,0.342,0.4083333333333334,15.0,3,87.1,2.7,107.6,32.1,,,,,
Tyrone Taylor,Tyrone Taylor,CF,2026,31,3800000.0,3800000.0,1,0.9333333333333332,85.33333333333333,0.235,0.2816666666666667,0.38866666666666666,6.333333333333333,3,86.5,3.8,109.5,35.1,,,,,
Hoby Milner,Hoby Milner,RP,2026,34,3750000.0,3750000.0,1,0.9666666666666667,,,,,,3,,,,,3.4633333333333334,3.22,8.193333333333333,2.1533333333333333,66.13333333333333
John Schreiber,John Schreiber,RP,2026,31,3715000.0,3715000.0,1,0.5000000000000001,,,,,,3,,,,,3.7733333333333334,3.9066666666666663,8.983333333333334,3.6566666666666667,53.800000000000004
Bailey Falter,Bailey Falter,SP,2026,28,3600000.0,3600000.0,1,0.8666666666666667,,,,,,3,,,,,4.746666666666666,4.83,6.213333333333334,2.7933333333333334,115.8
Shane McClanahan,Shane McClanahan,SP,2026,28,3600000.0,3600000.0,1,1.9,,,,,,1,,,,,3.29,3.92,9.47,3.21,115.0
Griffin Jax,Griffin Jax,RP,2026,31,3565000.0,3565000.0,1,1.8333333333333333,,,,,,3,,,,,3.373333333333333,2.5566666666666666,11.636666666666665,2.46,67.36666666666666
Jake Meyers,Jake Meyers,CF,2026,29,3550000.0,3550000.0,1,1.7666666666666664,93.0,0.246,0.312,0.37166666666666665,8.666666666666666,3,88.1,5.0,110.4,38.9,,,,,
Ryne Stanek,Ryne Stanek,RP,2026,34,3500000.0,3500000.0,1,0.06666666666666667,,,,,,3,,,,,4.756666666666667,4.38,9.76,4.3133333333333335,53.76666666666667
Shane Baz,Shane Baz,SP,2026,26,3500000.0,3500000.0,1,1.55,,,,,,2,,,,,3.965,4.220000000000001,8.675,3.26,122.6
Dennis Santana,Dennis Santana,RP,2026,29,3500000.0,3500000.0,1,0.7666666666666666,,,,,,3,,,,,3.9933333333333336,3.97,8.826666666666668,3.5766666666666667,50.5
Anthony Volpe,Anthony Volpe,SS,2026,24,3475000.0,3475000.0,1,2.1333333333333333,84.33333333333333,0.2213333333333333,0.2826666666666667,0.3793333333333333,17.333333333333332,3,89.3,10.5,110.5,41.9,,,,,
Alec Burleson,Alec Burleson,1B,2026,27,3300000.0,3300000.0,1,0.7333333333333333,106.33333333333333,0.26766666666666666,0.319,0.42300000000000004,15.666666666666666,3,91.0,9.5,111.1,43.0,,,,,
Oneil Cruz,Oneil Cruz,CF,2026,27,3300000.0,3300000.0,1,2.6,98.0,0.2295,0.311,0.4135,20.5,2,95.8,17.9,122.9,56.6,,,,,
Kerry Carpenter,Kerry Carpenter,RF,2026,28,3275000.0,3275000.0,1,1.9333333333333333,131.33333333333334,0.27133333333333337,0.3253333333333333,0.5183333333333332,21.333333333333332,3,91.4,12.5,109.5,46.8,,,,,
Matt Vierling,Matt Vierling,RF,2026,29,3255000.0,3255000.0,1,1.3333333333333333,94.0,0.25233333333333335,0.317,0.37266666666666665,9.0,3,92.2,12.1,107.8,45.5,,,,,
Josh H. Smith,Josh Smith,SS,2026,28,3225000.0,3225000.0,1,1.5999999999999999,97.66666666666667,0.2313333333333333,0.3253333333333333,0.3626666666666667,9.666666666666666,3,87.2,5.0,108.2,31.1,,,,,
Jake Burger,Jake Burger,1B,2026,29,3200000.0,3200000.0,1,1.2,105.66666666666667,0.24533333333333332,0.293,0.4656666666666667,26.333333333333332,3,90.4,13.9,114.7,48.5,,,,,
A.J. Puk,A.J. Puk,RP,2026,30,3100000.0,3100000.0,1,1.3,,,,,,2,,,,,3.56,3.23,11.745000000000001,2.795,63.65
Brenton Doyle,Brenton Doyle,CF,2026,27,3100000.0,3100000.0,1,1.4666666666666668,68.66666666666667,0.23199999999999998,0.2803333333333333,0.38833333333333336,16.0,3,89.9,10.8,111.3,44.6,,,,,
Jake Rogers,Jake Rogers,C,2026,30,3050000.0,3050000.0,1,1.6666666666666667,79.0,0.20166666666666666,0.27266666666666667,0.37633333333333335,11.333333333333334,3,89.5,9.2,109.2,40.2,,,,,
Ryan Pepiot,Ryan Pepiot,SP,2026,28,3025000.0,3025000.0,1,1.4333333333333333,,,,,,3,,,,,3.1999999999999997,4.163333333333333,8.976666666666667,2.5533333333333332,113.06666666666666
Ryne Nelson,Ryne Nelson,SP,2026,27,3000000.0,3000000.0,1,1.6333333333333335,,,,,,3,,,,,4.3133333333333335,4.180000000000001,7.080000000000001,2.4366666666666665,149.4
Jake Fraley,Jake Fraley,RF,2026,30,3000000.0,3000000.0,1,0.7999999999999999,100.0,0.258,0.3336666666666667,0.4036666666666666,8.666666666666666,3,85.2,4.9,108.5,34.5,,,,,
Jose Soriano,Jose Soriano,SP,2026,27,2900000.0,2900000.0,1,1.7000000000000002,,,,,,3,,,,,3.7733333333333334,3.8333333333333335,9.273333333333333,4.22,108.0
Josh Jung,Josh Jung,3B,2026,27,2900000.0,2900000.0,1,1.5999999999999999,103.0,0.26033333333333336,0.30233333333333334,0.426,14.666666666666666,3,89.3,8.2,111.2,46.7,,,,,
Royce Lewis,Royce Lewis,3B,2026,26,2850000.0,2850000.0,1,1.4666666666666668,114.33333333333333,0.25966666666666666,0.31666666666666665,0.4626666666666666,14.666666666666666,3,89.8,8.7,113.7,40.3,,,,,
Mark Leiter Jr.,Mark Leiter Jr.,RP,2026,34,2850000.0,2850000.0,1,0.7666666666666667,,,,,,3,,,,,4.28,3.5366666666666666,11.39,3.313333333333333,56.73333333333333
Tim Hill,Tim Hill,RP,2025,34,2850000.0,2850000.0,1,0.19999999999999998,,,,,,3,,,,,4.133333333333334,4.176666666666667,4.710000000000001,2.6733333333333333,53.03333333333333
Anthony Bender,Anthony Bender,RP,2026,30,2810000.0,2810000.0,1,0.65,,,,,,2,,,,,3.12,3.27,8.79,3.42,51.5
Jake Irvin,Jake Irvin,SP,2026,28,2800000.0,2800000.0,1,0.7000000000000001,,,,,,3,,,,,4.906666666666666,5.116666666666667,7.013333333333333,3.203333333333333,162.73333333333332
Brusdar Graterol,Brusdar Graterol,RP,2026,27,2800000.0,2800000.0,1,1.4,,,,,,1,,,,,1.2,3.03,6.42,1.6,67.1
JP Sears,JP Sears,SP,2026,29,2750000.0,2750000.0,1,0.7666666666666666,,,,,,3,,,,,4.653333333333333,5.023333333333333,7.663333333333334,2.533333333333333,162.49999999999997
Kutter Crawford,Kutter Crawford,SP,2026,29,2750000.0,2750000.0,1,2.1,,,,,,2,,,,,4.2,4.24,8.985,2.505,156.14999999999998
James McCann,James McCann,C,2026,35,2750000.0,2750000.0,1,0.39999999999999997,91.33333333333333,0.23866666666666667,0.2906666666666667,0.3986666666666667,6.333333333333333,3,92.3,7.6,110.3,52.2,,,,,
Kevin Ginkel,Kevin Ginkel,RP,2026,31,2725000.0,2725000.0,1,0.9333333333333335,,,,,,3,,,,,4.3500000000000005,3.1166666666666667,9.903333333333334,3.22,53.43333333333333
Kyle Isbel,Kyle Isbel,CF,2026,28,2700000.0,2700000.0,1,1.2333333333333334,79.0,0.24133333333333332,0.29,0.3666666666666667,5.666666666666667,3,87.8,1.6,109.5,36.1,,,,,
Jake Bauers,Jake Bauers,1B,2026,30,2700000.0,2700000.0,1,0.20000000000000004,96.66666666666667,0.212,0.311,0.391,10.333333333333334,3,91.7,13.6,112.6,45.6,,,,,
Nolan Gorman,Nolan Gorman,3B,2026,25,2655000.0,2655000.0,1,0.7666666666666666,97.66666666666667,0.21466666666666667,0.29833333333333334,0.416,20.0,3,89.6,9.1,111.6,41.1,,,,,
Logan O'Hoppe,Logan O'Hoppe,C,2026,25,2625000.0,2625000.0,1,0.5333333333333333,95.66666666666667,0.23099999999999998,0.2856666666666667,0.4266666666666667,17.666666666666668,3,90.9,13.3,112.4,46.9,,,,,
Dietrich Enns,Dietrich Enns,RP,2026,34,2625000.0,2625000.0,1,0.5,,,,,,1,,,,,4.08,3.67,9.52,2.91,46.1
Josh Lowe,Josh Lowe,RF,2026,27,2600000.0,2600000.0,1,1.4333333333333336,102.33333333333333,0.25099999999999995,0.30666666666666664,0.41900000000000004,13.666666666666666,3,88.6,5.9,109.2,39.6,,,,,
Ryan Weiss,Zack Weiss,P,2026,28,2600000.0,2600000.0,1,-0.2,,,,,,1,,,,,3.21,6.33,9.64,3.86,14.0
Gabriel Moreno,Gabriel Moreno,C,2026,25,2550000.0,2550000.0,1,2.5,108.66666666666667,0.2783333333333333,0.34833333333333333,0.407,7.0,3,90.4,7.1,110.3,43.4,,,,,
Nick Fortes,Nick Fortes,C,2026,29,2535000.0,2535000.0,1,0.7333333333333334,63.333333333333336,0.22,0.27266666666666667,0.322,5.0,3,87.5,4.6,111.3,37.9,,,,,
Joey Bart,Joey Bart,C,2026,29,2530000.0,2530000.0,1,0.8666666666666667,90.0,0.24033333333333332,0.3183333333333333,0.35533333333333333,5.666666666666667,3,88.4,10.4,113.1,43.2,,,,,
Tylor Megill,Tylor Megill,SP,2026,30,2500000.0,2500000.0,1,1.1666666666666667,,,,,,3,,,,,4.23,3.9800000000000004,9.9,4.056666666666666,90.73333333333333
Ryan Yarbrough,Ryan Yarbrough,RP,2026,33,2500000.0,2500000.0,1,0.3333333333333333,,,,,,3,,,,,4.0233333333333325,4.6866666666666665,6.793333333333333,2.3333333333333335,83.8
Tyler Wells,Tyler Wells,SP,2026,31,2450000.0,2450000.0,1,0.39999999999999997,,,,,,3,,,,,4.140000000000001,4.576666666666667,7.993333333333333,1.7233333333333334,51.5
Ryan Feltner,Ryan Feltner,SP,2026,29,2450000.0,2450000.0,1,1.2666666666666666,,,,,,3,,,,,5.0200000000000005,4.243333333333333,7.653333333333333,4.086666666666667,78.43333333333332
Francisco Alvarez,Francisco Alvarez,C,2026,24,2400000.0,2400000.0,1,2.2333333333333334,107.0,0.23399999999999999,0.31,0.42900000000000005,15.666666666666666,3,93.1,12.1,115.0,54.3,,,,,
Garrett Cleavinger,Garrett Cleavinger,RP,2026,31,2400000.0,2400000.0,1,0.26666666666666666,,,,,,3,,,,,3.033333333333333,4.1433333333333335,11.06,3.93,44.36666666666667
Brock Burke,Brock Burke,RP,2026,29,2325000.0,2325000.0,1,0.13333333333333333,,,,,,3,,,,,4.516666666666667,4.3100000000000005,8.76,2.7433333333333336,51.46666666666667
Steven Okert,Steven Okert,RP,2026,34,2325000.0,2325000.0,1,0.6333333333333334,,,,,,3,,,,,4.183333333333334,3.9899999999999998,10.053333333333333,3.3833333333333333,54.833333333333336
Matt McLain,Matt McLain,2B,2026,26,2300000.0,2300000.0,1,2.3,103.0,0.255,0.3285,0.42500000000000004,15.5,2,88.8,7.7,109.9,40.7,,,,,
Luis Torrens,Luis Torrens,C,2026,29,2275000.0,2275000.0,1,1.2000000000000002,84.0,0.2275,0.288,0.359,4.0,2,90.6,10.7,110.4,48.1,,,,,
Matthew Liberatore,Matthew Liberatore,SP,2026,26,2260000.0,2260000.0,1,1.0,,,,,,3,,,,,4.62,4.140000000000001,7.3,2.983333333333333,99.46666666666665
Pavin Smith,Pavin Smith,DH,2026,29,2250000.0,2250000.0,1,0.30000000000000004,115.33333333333333,0.23866666666666667,0.3423333333333333,0.43533333333333335,8.0,3,90.1,11.7,110.9,46.1,,,,,
Amed Rosario,Amed Rosario,SS,2026,30,2250000.0,2250000.0,1,0.3333333333333333,96.33333333333333,0.273,0.30666666666666664,0.39799999999999996,5.0,3,91.2,6.0,110.9,45.0,,,,,
Joel Payamps,Joel Payamps,RP,2026,31,2250000.0,2250000.0,1,0.5333333333333333,,,,,,3,,,,,4.1466666666666665,3.9166666666666665,9.003333333333334,2.6666666666666665,51.76666666666666
Félix Bautista,Felix Bautista,RP,2026,30,2250000.0,2250000.0,1,1.7,,,,,,2,,,,,2.04,2.625,14.605,4.904999999999999,47.6
Luis Gil,Luis Gil,SP,2026,27,2162500.0,2162500.0,1,1.35,,,,,,2,,,,,3.41,4.385,8.31,4.890000000000001,104.1
Gabe Speier,Gabe Speier,RP,2026,30,2125000.0,2125000.0,1,0.8333333333333334,,,,,,3,,,,,4.033333333333334,3.0533333333333332,11.663333333333332,2.91,46.46666666666667
Freddy Fermin,Freddy Fermin,C,2026,30,2100000.0,2100000.0,1,1.5999999999999999,92.66666666666667,0.26766666666666666,0.31233333333333335,0.38866666666666666,6.666666666666667,3,89.1,4.2,108.3,34.1,,,,,
Luke Raley,Luke Raley,1B,2026,31,2050000.0,2050000.0,1,1.633333333333333,116.33333333333333,0.2313333333333333,0.324,0.42133333333333334,15.0,3,89.5,10.6,114.3,42.3,,,,,
José Caballero,Jose Caballero,SS,2026,29,2000000.0,2000000.0,1,1.9666666666666668,93.0,0.22799999999999998,0.3216666666666667,0.338,6.0,3,86.0,5.9,114.4,30.6,,,,,
Paul Blackburn,Paul Blackburn,RP,2026,32,2000000.0,2000000.0,1,0.7333333333333334,,,,,,3,,,,,5.1066666666666665,4.326666666666667,7.976666666666667,3.0033333333333334,72.43333333333334
Jordan Romano,Jordan Romano,RP,2026,32,2000000.0,2000000.0,1,0.16666666666666663,,,,,,3,,,,,5.906666666666666,5.006666666666667,9.816666666666666,3.293333333333333,38.13333333333333
Jason Foley,Jason Foley,RP,2026,30,2000000.0,2000000.0,1,0.9500000000000001,,,,,,2,,,,,2.88,3.275,7.035,2.48,64.5
Christopher Morel,Christopher Morel,LF,2026,26,2000000.0,2000000.0,1,0.16666666666666666,97.0,0.22066666666666665,0.29666666666666663,0.4166666666666667,19.333333333333332,3,91.8,14.8,115.4,49.7,,,,,
Nolan Jones,Nolan Jones,RF,2026,27,2000000.0,2000000.0,1,0.8333333333333334,92.66666666666667,0.245,0.3353333333333333,0.3886666666666667,9.333333333333334,3,90.8,8.5,112.7,46.7,,,,,
Leody Taveras,Leody Taveras,CF,2026,27,2000000.0,2000000.0,1,0.9666666666666668,77.33333333333333,0.2333333333333333,0.27566666666666667,0.359,9.666666666666666,3,88.5,6.4,111.2,35.2,,,,,
Alek Thomas,Alek Thomas,CF,2026,25,1962500.0,1962500.0,1,0.20000000000000004,72.33333333333333,0.22266666666666665,0.269,0.3673333333333333,7.0,3,89.6,7.8,110.6,39.3,,,,,
Alek Manoah,Alek Manoah,SP,2026,27,1950000.0,1950000.0,1,-0.2,,,,,,2,,,,,4.785,5.595,8.879999999999999,4.52,55.599999999999994
Nick Mears,Nick Mears,RP,2026,29,1900000.0,1900000.0,1,0.5,,,,,,3,,,,,4.38,3.776666666666667,9.6,4.11,44.166666666666664
Brooks Raley,Brooks Raley,RP,2025,36,1850000.0,1850000.0,1,0.85,,,,,,2,,,,,2.74,3.21,10.135,3.3200000000000003,53.7
JT Brubaker,JT Brubaker,RP,2026,32,1820000.0,1820000.0,1,0.4,,,,,,1,,,,,3.77,2.96,6.91,3.77,28.2
Javier Assad,Javier Assad,RP,2026,28,1800000.0,1800000.0,1,0.7333333333333333,,,,,,3,,,,,3.4766666666666666,4.39,6.973333333333334,3.3866666666666667,97.7
Tony Santillan,Tony Santillan,RP,2026,28,1800000.0,1800000.0,1,0.9500000000000001,,,,,,2,,,,,2.7199999999999998,3.225,11.48,3.12,51.6
Will Benson,Will Benson,RF,2026,27,1725000.0,1725000.0,1,0.4333333333333333,96.33333333333333,0.2293333333333333,0.304,0.4363333333333334,12.333333333333334,3,92.4,15.4,111.4,53.8,,,,,
Anthony Banda,Anthony Banda,RP,2026,32,1625000.0,1625000.0,1,0.35,,,,,,2,,,,,3.13,4.095,8.754999999999999,3.985,57.1
Triston Casas,Triston Casas,1B,2026,25,1610000.0,1610000.0,1,0.6,102.33333333333333,0.22866666666666666,0.327,0.4183333333333333,13.333333333333334,3,87.6,9.7,110.9,44.4,,,,,
Yennier Cano,Yennier Cano,RP,2026,31,1600000.0,1600000.0,1,0.7999999999999999,,,,,,3,,,,,3.4599999999999995,3.5533333333333332,8.673333333333334,2.9766666666666666,63.4
Alex Call,Alex Call,LF,2026,31,1600000.0,1600000.0,1,0.9,117.66666666666667,0.27,0.36433333333333334,0.4056666666666667,5.333333333333333,3,88.2,4.4,109.9,28.9,,,,,
Romy Gonzalez,Romy Gonzalez,2B,2026,29,1600000.0,1600000.0,1,0.4666666666666666,90.33333333333333,0.25499999999999995,0.2856666666666667,0.4253333333333333,6.0,3,93.3,12.6,112.6,57.3,,,,,
Enyel De Los Santos,Enyel De Los Santos,RP,2026,29,1600000.0,1600000.0,1,0.03333333333333336,,,,,,3,,,,,4.283333333333334,4.42,8.743333333333332,3.4066666666666667,65.06666666666666
Tyler Holton,Tyler Holton,RP,2026,29,1575000.0,1575000.0,1,0.7666666666666666,,,,,,3,,,,,2.6533333333333333,3.7900000000000005,7.489999999999999,1.82,85.8
Michael Massey,Michael Massey,2B,2026,27,1570000.0,1570000.0,1,0.5333333333333333,78.33333333333333,0.244,0.2786666666666667,0.381,10.666666666666666,3,87.5,4.0,108.5,33.0,,,,,
Matt Brash,Matt Brash,RP,2026,27,1550000.0,1550000.0,1,1.4,,,,,,2,,,,,2.765,2.655,12.33,3.5549999999999997,58.650000000000006
Jimmy Herget,Jimmy Herget,RP,2026,32,1550000.0,1550000.0,1,0.4000000000000001,,,,,,3,,,,,3.84,4.173333333333333,9.256666666666666,2.4933333333333336,41.4
Johan Oviedo,Johan Oviedo,SP,2026,27,1550000.0,1550000.0,1,1.0,,,,,,2,,,,,3.9399999999999995,4.705,8.684999999999999,4.665,108.64999999999999
Braxton Garrett,Braxton Garrett,SP,2026,28,1530000.0,1530000.0,1,1.85,,,,,,2,,,,,4.505,3.75,8.53,1.2999999999999998,98.1
Jake McCarthy,Jake McCarthy,CF,2026,28,1525000.0,1525000.0,1,1.0,82.66666666666667,0.244,0.3046666666666667,0.357,4.666666666666667,3,84.7,5.3,110.9,27.6,,,,,
Tyler Freeman,Tyler Freeman,2B,2026,26,1525000.0,1525000.0,1,-0.03333333333333329,86.0,0.244,0.318,0.34933333333333333,4.333333333333333,3,90.1,2.1,109.6,40.4,,,,,
Steven Wilson,Steven Wilson,RP,2026,31,1520000.0,1520000.0,1,0.0,,,,,,3,,,,,4.346666666666667,5.173333333333333,8.936666666666667,4.97,47.43333333333334
Taylor Clarke,Taylor Clarke,RP,2026,32,1500000.0,1500000.0,1,0.04999999999999999,,,,,,2,,,,,4.6,4.5200000000000005,8.54,2.56,57.05
Colin Holderman,Colin Holderman,RP,2026,30,1500000.0,1500000.0,1,0.16666666666666666,,,,,,3,,,,,4.676666666666667,4.47,8.483333333333333,4.3999999999999995,44.099999999999994
Jacob Webb,Jacob Webb,RP,2026,32,1500000.0,1500000.0,1,0.3333333333333333,,,,,,3,,,,,3.2366666666666664,4.1000000000000005,8.893333333333333,3.97,58.46666666666667
Fernando Cruz,Fernando Cruz,RP,2026,35,1450000.0,1450000.0,1,1.2,,,,,,3,,,,,4.443333333333333,3.0933333333333333,13.86,4.3500000000000005,60.06666666666666
Nick Allen,Nick Allen,SS,2026,27,1400000.0,1400000.0,1,-0.06666666666666667,46.666666666666664,0.20566666666666666,0.2543333333333333,0.26166666666666666,1.6666666666666667,3,84.8,0.0,104.4,21.6,,,,,
J.J. Bleday,JJ Bleday,LF,2026,28,1400000.0,1400000.0,1,1.1666666666666667,100.33333333333333,0.21666666666666667,0.3093333333333333,0.3986666666666667,14.666666666666666,3,88.7,7.8,109.9,38.7,,,,,
Sam Hentges,Sam Hentges,RP,2026,29,1400000.0,1400000.0,1,0.7000000000000001,,,,,,2,,,,,3.325,2.9050000000000002,9.95,2.5,37.65
Taylor Walls,Taylor Walls,SS,2025,28,1400000.0,1400000.0,1,-1.850371707708594e-17,69.66666666666667,0.18533333333333335,0.285,0.2886666666666666,5.666666666666667,3,86.1,3.2,104.4,24.0,,,,,
Ezequiel Duran,Ezequiel Duran,2B,2026,26,1375000.0,1375000.0,1,0.5333333333333333,81.0,0.24866666666666667,0.2926666666666667,0.35233333333333333,5.666666666666667,3,85.3,2.6,109.1,30.9,,,,,
David Fry,David Fry,C,2026,30,1375000.0,1375000.0,1,0.3333333333333333,99.0,0.224,0.30133333333333334,0.409,8.666666666666666,3,88.7,9.1,107.8,39.8,,,,,
Connor Wong,Connor Wong,C,2026,29,1375000.0,1375000.0,1,0.2333333333333334,76.66666666666667,0.23500000000000001,0.29433333333333334,0.34933333333333333,7.333333333333333,3,85.5,3.1,111.5,31.0,,,,,
Ryan Weathers,Ryan Weathers,SP,2026,26,1350000.0,1350000.0,1,0.3666666666666667,,,,,,3,,,,,4.723333333333334,4.913333333333334,7.903333333333333,3.28,60.5
Alex Jackson,Alex Jackson,C,2026,30,1350000.0,1350000.0,1,0.5,70.0,0.17099999999999999,0.2455,0.355,4.0,2,88.3,14.8,108.7,40.7,,,,,
Josiah Gray,Josiah Gray,SP,2026,27,1350000.0,1350000.0,1,1.6,,,,,,1,,,,,3.91,4.93,8.09,4.53,159.0
Nate Pearson,Nate Pearson,RP,2026,29,1350000.0,1350000.0,1,-0.03333333333333333,,,,,,3,,,,,6.176666666666667,5.14,7.803333333333334,4.263333333333333,40.833333333333336
Brock Stewart,Brock Stewart,RP,2026,34,1300000.0,1300000.0,1,0.5666666666666668,,,,,,3,,,,,2.8166666666666664,3.0666666666666664,11.563333333333333,3.763333333333333,26.533333333333335
Reed Garrett,Reed Garrett,RP,2026,33,1300000.0,1300000.0,1,0.5666666666666668,,,,,,3,,,,,4.693333333333333,3.8666666666666667,10.253333333333332,4.046666666666667,43.800000000000004
Bryan Baker,Bryan Baker,RP,2026,31,1275000.0,1275000.0,1,0.3666666666666667,,,,,,3,,,,,4.223333333333334,3.8333333333333335,9.983333333333333,3.2433333333333336,45.43333333333334
Akil Baddoo,Akil Baddoo,LF,2026,27,1250000.0,1250000.0,1,0.19999999999999998,66.5,0.1775,0.265,0.3365,6.5,2,,,,,,,,,
Sam Haggerty,Sam Haggerty,2B,2026,31,1250000.0,1250000.0,1,0.15000000000000002,104.0,0.253,0.346,0.35550000000000004,1.5,2,88.3,2.4,110.1,42.1,,,,,
Jack Suwinski,Jack Suwinski,CF,2026,27,1250000.0,1250000.0,1,0.3666666666666667,76.33333333333333,0.18433333333333332,0.2946666666666667,0.34366666666666673,12.666666666666666,3,88.8,11.8,110.5,38.7,,,,,
Ben Rortvedt,Ben Rortvedt,C,2026,28,1250000.0,1250000.0,1,0.3,50.666666666666664,0.166,0.266,0.243,2.0,3,81.2,3.3,103.9,19.6,,,,,
Tyler Heineman,Tyler Heineman,C,2026,34,1237500.0,1237500.0,1,2.1,120.0,0.289,0.361,0.416,3.0,1,84.4,3.2,104.5,22.4,,,,,
Justin Lawrence,Justin Lawrence,RP,2026,31,1225000.0,1225000.0,1,0.3,,,,,,3,,,,,3.5733333333333337,3.8733333333333335,9.29,4.46,50.46666666666667
Justin Topa,Justin Topa,RP,2026,34,1225000.0,1225000.0,1,0.95,,,,,,2,,,,,3.255,3.0949999999999998,7.654999999999999,2.5250000000000004,64.5
Andy Ibanez,Andy Ibanez,2B,2026,32,1200000.0,1200000.0,1,0.8999999999999999,91.0,0.248,0.30266666666666664,0.38066666666666665,6.666666666666667,3,88.9,4.6,108.9,36.4,,,,,
Tanner Banks,Tanner Banks,RP,2026,34,1200000.0,1200000.0,1,0.6666666666666666,,,,,,3,,,,,3.8266666666666667,3.8633333333333333,8.459999999999999,2.356666666666667,66.73333333333333
Oswaldo Cabrera,Oswaldo Cabrera,3B,2026,26,1200000.0,1200000.0,1,0.10000000000000002,77.0,0.23366666666666666,0.2976666666666667,0.324,4.666666666666667,3,89.1,0.0,107.5,34.5,,,,,
Kyle Hart,Kyle Hart,RP,2026,32,1200000.0,1200000.0,1,-0.2,,,,,,1,,,,,5.86,5.18,7.74,2.72,43.0
Beau Brieske,Beau Brieske,RP,2026,27,1157500.0,1157500.0,1,0.20000000000000004,,,,,,3,,,,,4.579999999999999,4.593333333333333,7.8999999999999995,3.9966666666666666,41.4
Tyler Alexander,Tyler Alexander,RP,2026,31,1125000.0,1125000.0,1,0.2666666666666667,,,,,,3,,,,,4.86,4.273333333333333,8.026666666666666,1.9299999999999997,82.8
Cole Sands,Cole Sands,RP,2026,28,1100000.0,1100000.0,1,0.7333333333333333,,,,,,3,,,,,3.84,3.91,9.146666666666667,3.0966666666666662,54.76666666666666
Austin Wynns,Austin Wynns,C,2026,34,1100000.0,1100000.0,1,0.55,85.0,0.2495,0.2945,0.41050000000000003,3.5,2,88.6,9.6,107.9,46.6,,,,,
Angel Zerpa,Angel Zerpa,RP,2026,26,1095000.0,1095000.0,1,0.19999999999999998,,,,,,3,,,,,4.296666666666666,4.123333333333334,7.96,2.6466666666666665,53.20000000000001
Huascar Brazoban,Huascar Brazoban,RP,2026,36,1050000.0,1050000.0,1,0.5,,,,,,3,,,,,3.8466666666666662,3.766666666666667,8.996666666666668,4.323333333333333,57.46666666666667
Ian Hamilton,Ian Hamilton,RP,2026,30,1050000.0,1050000.0,1,0.5666666666666668,,,,,,3,,,,,3.58,3.4133333333333327,9.986666666666666,4.11,45.06666666666666
Cole Sulser,Cole Sulser,RP,2026,35,1050000.0,1050000.0,1,0.25,,,,,,2,,,,,2.375,3.235,8.504999999999999,3.87,19.15
Daniel Lynch,Daniel Lynch IV,RP,2026,29,1025000.0,1025000.0,1,0.033333333333333326,,,,,,3,,,,,3.6733333333333333,4.78,6.646666666666666,3.0400000000000005,54.13333333333333
Andrew Knizner,Andrew Knizner,C,2026,30,1000000.0,1000000.0,1,-0.13333333333333333,57.666666666666664,0.20966666666666667,0.25666666666666665,0.3113333333333333,4.0,3,84.2,1.4,108.1,23.2,,,,,
Alexis Diaz,Alexis Diaz,RP,2026,29,1000000.0,1000000.0,1,0.4333333333333333,,,,,,3,,,,,5.07,5.533333333333334,9.65,5.29,46.79999999999999
Riley Adams,Riley Adams,C,2026,29,1000000.0,1000000.0,1,-0.16666666666666666,82.66666666666667,0.22766666666666668,0.2916666666666667,0.37333333333333335,4.666666666666667,3,91.8,10.5,115.4,52.3,,,,,
Matt Festa,Matt Festa,RP,2026,32,1000000.0,1000000.0,1,0.6000000000000001,,,,,,2,,,,,4.91,3.26,9.175,2.755,38.7
Richard Lovelady,Richard Lovelady,RP,2026,30,1000000.0,1000000.0,1,-0.06666666666666667,,,,,,3,,,,,5.859999999999999,5.15,8.446666666666665,3.7900000000000005,22.8
Max Meyer,Max Meyer,SP,2026,26,980000.0,980000.0,1,0.1,,,,,,2,,,,,5.205,5.1850000000000005,8.36,2.8899999999999997,60.6
Jake Bird,Jake Bird,RP,2026,30,975000.0,975000.0,1,0.5666666666666667,,,,,,3,,,,,4.786666666666666,4.293333333333333,8.49,4.140000000000001,61.4
Hayden Wesneski,Hayden Wesneski,SP,2026,28,975000.0,975000.0,1,0.03333333333333335,,,,,,3,,,,,4.329999999999999,4.9366666666666665,8.476666666666667,2.566666666666667,62.76666666666667
Garrett Stubbs,Garrett Stubbs,C,2026,32,975000.0,975000.0,1,0.0,57.0,0.2055,0.28500000000000003,0.27249999999999996,1.0,2,,,,,,,,,
Garrett Mitchell,Garrett Mitchell,CF,2026,27,950000.0,950000.0,1,0.8666666666666666,98.66666666666667,0.23566666666666666,0.31433333333333335,0.40299999999999997,3.6666666666666665,3,90.4,6.7,110.8,42.2,,,,,
Richard Palacios,Richie Palacios,OF,2026,28,945000.0,945000.0,1,0.8500000000000001,110.5,0.2405,0.3265,0.41700000000000004,5.5,2,,,,,,,,,
Brennan Bernardino,Brennan Bernardino,RP,2026,33,925000.0,925000.0,1,0.49999999999999994,,,,,,3,,,,,3.4666666666666663,3.6566666666666667,9.223333333333334,3.8699999999999997,50.800000000000004
Kevin Kelly,Kevin Kelly,RP,2026,28,925000.0,925000.0,1,0.5,,,,,,3,,,,,3.8866666666666667,4.006666666666667,7.826666666666667,1.7333333333333332,58.79999999999999
Danny Young,Danny Young,RP,2026,31,925000.0,925000.0,1,0.2,,,,,,1,,,,,4.54,3.64,11.47,4.3,37.2
Bennett Sousa,Bennett Sousa,RP,2026,30,910000.0,910000.0,1,1.1,,,,,,1,,,,,2.84,2.72,10.48,2.66,50.2
Zach Pop,Zach Pop,RP,2026,29,900000.0,900000.0,1,-0.44999999999999996,,,,,,2,,,,,6.09,5.93,7.68,3.745,30.65
Connor Brogdon,Connor Brogdon,RP,2026,30,900000.0,900000.0,1,-0.2,,,,,,2,,,,,4.79,5.195,8.725000000000001,3.74,38.0
Luis Campusano,Luis Campusano,C,2026,27,900000.0,900000.0,1,0.25,108.0,0.273,0.3185,0.426,7.5,2,,,,,,,,,
Derek Hill,Derek Hill,CF,2026,29,900000.0,900000.0,1,0.2333333333333333,57.333333333333336,0.209,0.25733333333333336,0.313,3.3333333333333335,3,91.2,11.2,112.3,49.4,,,,,
Eli White,Eli White,OF,2026,31,900000.0,900000.0,1,0.7,84.0,0.234,0.27,0.406,10.0,1,87.7,9.0,109.6,40.4,,,,,
José Suarez,Jose Suarez,RP,2026,27,900000.0,900000.0,1,-0.06666666666666665,,,,,,3,,,,,5.39,5.1866666666666665,8.19,4.883333333333334,34.800000000000004
Joey Wentz,Joey Wentz,SP,2026,28,900000.0,900000.0,1,0.26666666666666666,,,,,,3,,,,,5.726666666666667,4.6866666666666665,8.853333333333333,4.12,90.10000000000001
Alex Lange,Alex Lange,RP,2026,30,900000.0,900000.0,1,0.05,,,,,,2,,,,,4.01,4.165,10.45,7.17,42.1
Rico Garcia,Rico Garcia,RP,2026,31,900000.0,900000.0,1,-0.05000000000000002,,,,,,2,,,,,6.205,6.175,8.835,3.625,22.65
Sam Moll,Sam Moll,RP,2026,33,875000.0,875000.0,1,0.4666666666666666,,,,,,3,,,,,4.253333333333333,3.9800000000000004,9.9,4.196666666666666,39.13333333333333
Rafael Marchán,Rafael Marchan,C,2026,26,860000.0,860000.0,1,0.44999999999999996,105.0,0.252,0.3135,0.42700000000000005,2.5,2,85.6,2.2,108.1,22.2,,,,,
Vidal Brujan,Vidal Brujan,2B,2026,27,850000.0,850000.0,1,-0.3,59.0,0.21533333333333335,0.283,0.2753333333333334,0.6666666666666666,3,88.2,0.0,110.3,37.3,,,,,
Luis Medina,Luis Medina,SP,2026,26,835000.0,835000.0,1,0.4,,,,,,2,,,,,5.3,4.6,7.949999999999999,4.59,74.6
Ken Waldichuk,Ken Waldichuk,SP,2026,27,825000.0,825000.0,1,-0.2,,,,,,1,,,,,5.36,5.3,8.43,4.53,141.0
Yohan Ramirez,Yohan Ramirez,RP,2026,30,825000.0,825000.0,1,0.06666666666666668,,,,,,3,,,,,5.276666666666667,4.233333333333333,9.79,3.9033333333333338,38.73333333333333
Jackson Jobe,Jackson Jobe,SP,2026,23,820000.0,820000.0,1,0.1,,,,,,1,,,,,4.22,5.18,7.16,4.96,49.0
James McArthur,James McArthur,RP,2026,28,810000.0,810000.0,1,0.3,,,,,,2,,,,,4.775,3.4749999999999996,8.325,1.495,39.650000000000006
Andrew Nardi,Andrew Nardi,RP,2026,27,800000.0,800000.0,1,0.8,,,,,,2,,,,,3.87,3.465,12.07,3.28,53.150000000000006
Cooper Criswell,Cooper Criswell,RP,2026,29,800000.0,800000.0,1,0.26666666666666666,,,,,,3,,,,,4.46,4.89,6.183333333333334,2.7866666666666666,49.76666666666667
